id,y_pred
7891,1
58497,1
8995,1
17207,1
3148,1
57062,0
40445,0
42252,1
35905,0
1078,0
6492,0
33888,0
10085,0
52744,1
9283,1
31922,0
48676,1
43555,0
56953,0
33269,0
59135,1
4898,0
58350,2
46689,1
7081,1
42418,1
58177,0
2058,0
983,0
54066,0
13729,0
6063,1
24663,0
49588,1
20069,1
46091,1
14385,1
46646,1
44688,0
35261,0
1052,0
9683,1
46302,0
3975,1
41940,1
38162,0
33727,0
3108,0
58695,1
7078,1
28928,1
46908,1
53567,0
46566,0
20407,1
53262,0
49222,1
24095,1
57322,1
2291,0
4039,2
26848,1
45396,0
4592,0
39807,1
27591,1
32015,1
57965,0
7933,1
6002,0
31920,0
24658,0
41820,1
57493,0
44294,0
59330,0
13714,2
137,0
52635,0
1097,0
39051,0
47737,1
34617,1
15094,0
29087,1
52727,1
36921,1
40858,0
11549,0
42176,0
18137,1
48842,1
32467,2
37431,1
36964,1
37334,1
32410,2
5245,1
43999,0
37357,1
46588,0
17115,2
51991,0
22706,0
38070,0
52776,1
50393,1
55799,1
13818,0
12648,0
24908,0
44483,0
23892,0
44318,0
46283,1
5066,2
51115,0
48257,1
20184,1
30706,1
26214,2
23609,2
53845,0
4666,0
1590,0
1045,0
1463,0
41871,1
17356,1
25342,0
27337,0
16860,1
936,0
39874,0
53629,0
19562,2
1490,0
23681,1
46589,0
16024,0
50363,2
32816,0
20835,1
6969,1
30553,1
699,0
17270,0
52050,0
43078,1
54329,0
17035,1
24383,0
33271,0
54102,0
29975,0
40612,1
31736,0
58589,0
58796,1
8852,1
40833,0
30264,1
515,0
56633,0
2730,1
32049,0
57920,2
32155,0
7351,1
51255,1
30660,0
11646,0
3291,1
58737,1
3878,0
51903,0
53767,0
30203,0
25433,0
19256,2
43448,0
48705,1
42583,1
53128,0
22509,1
25514,0
8252,1
25913,2
22048,0
42103,0
55974,1
25458,0
59165,1
45183,0
12837,0
42166,2
28988,1
31179,2
54044,0
27980,1
18880,2
33885,0
31281,0
15869,1
55788,1
3078,2
53601,0
26629,1
56354,1
11749,0
29610,1
35402,1
43787,1
55583,1
227,0
50063,1
3191,0
11365,0
730,0
52618,0
54681,0
55185,1
8211,0
16739,1
22126,1
23561,0
32339,0
56311,0
56556,0
46861,0
42482,0
47491,0
12979,0
47134,0
54780,0
27016,1
52853,1
16493,1
3193,1
12390,1
9780,0
40560,0
29320,1
48111,1
45272,0
59651,1
21682,1
11083,0
55553,1
49438,1
47713,1
11581,1
36335,0
2300,0
51094,1
12510,0
16319,1
30229,0
31633,1
24614,0
1735,0
58640,0
55925,1
41821,1
17628,1
12905,1
8453,1
34510,0
57981,1
16604,0
28668,1
27236,0
37403,1
49414,1
5586,0
52125,1
12604,0
45223,0
45615,0
23058,2
48435,0
10276,1
38879,0
46947,0
42417,1
35516,0
45356,0
22583,0
53524,0
40712,2
5893,0
45422,0
4423,0
41182,0
17618,0
38290,0
54699,1
40798,0
23952,0
19320,2
39363,2
7224,0
15823,0
56170,0
8495,1
37514,0
752,0
2345,0
43470,1
24072,0
45167,0
9416,1
14440,2
14607,1
5351,0
53207,0
57799,2
38251,1
42914,1
26747,0
52630,0
52292,0
53003,0
39963,0
58598,0
12676,0
34895,1
43123,1
27255,1
59576,1
29192,0
46498,1
6135,1
15372,0
53158,0
51828,1
58028,2
47703,1
17670,0
40940,0
48958,1
984,0
25655,1
17663,0
30136,1
26540,1
57763,2
46804,1
28389,1
54089,0
48342,1
54000,0
39171,0
5790,1
47922,1
13250,2
24708,1
14241,1
53927,0
24275,1
10548,0
7220,0
36588,0
29802,1
51353,0
7856,1
50428,1
52631,0
55198,1
58226,2
44206,0
32011,0
33453,0
30302,1
20017,1
37570,0
47749,1
3500,0
44382,0
9980,1
50924,1
9615,0
33498,0
3329,1
33083,1
46605,1
16057,0
34277,1
36537,0
47885,1
58696,1
43784,1
57256,0
26614,1
9148,0
58619,0
40249,1
4809,0
7284,0
57049,0
39649,0
33591,0
10649,1
30802,0
34058,1
45658,0
45246,0
26873,1
10580,0
44730,0
9920,0
46261,1
18965,2
8408,1
39498,2
54301,0
28535,0
59595,0
50326,1
8173,0
39631,0
37032,1
57325,2
18061,1
53753,0
58780,0
15329,0
41357,1
7805,1
27939,1
13526,2
59749,2
51872,0
21808,2
34045,0
49722,1
43135,0
30655,1
9666,1
25367,0
28269,0
15860,2
35999,0
16195,1
49337,1
24819,1
11060,0
21257,2
47716,1
30738,0
22911,0
43662,1
17833,0
20515,2
19194,2
9095,1
45766,0
22294,0
22276,1
15316,0
3448,1
12352,1
58205,0
24531,1
12934,1
38470,1
29713,1
46355,0
19782,1
17703,0
25207,0
45467,0
26067,2
49666,1
40373,1
51085,1
16471,2
27723,1
23500,1
9330,0
13163,1
35953,0
37047,1
30560,1
47135,0
54910,0
25013,0
20809,1
27709,1
48734,1
56105,1
50242,1
41611,0
20848,1
26164,1
35945,0
40571,0
15949,0
19005,2
26336,2
54512,0
32023,0
7925,1
15144,0
6175,1
51076,0
4839,1
34833,1
16992,1
49018,1
19671,1
47697,0
1977,0
58070,1
49833,2
19063,2
1627,0
15107,0
52012,0
20287,1
53917,0
23964,0
41964,1
1970,0
35959,0
8881,0
39587,2
344,0
53273,0
33113,0
43473,0
30190,1
44444,0
18639,2
32212,1
21692,2
5601,1
21695,2
31543,0
35624,0
11931,1
24722,1
24810,0
44673,0
16049,1
7635,0
1246,0
8552,1
7853,0
20574,1
52596,0
9656,1
7695,0
32250,0
48712,2
15385,0
3096,2
5473,1
22184,1
7889,1
17121,2
5008,2
23447,1
44926,0
2873,2
56600,0
29553,1
23833,2
27210,1
56066,0
52386,1
19032,2
42315,0
56425,0
54388,0
51894,0
19378,2
33292,0
41347,0
39064,1
4617,0
57668,2
45172,0
40823,0
36785,0
34715,1
15430,0
46503,1
59644,0
30633,1
33384,1
44193,0
9864,0
28856,0
17237,0
56153,0
50506,1
48680,1
22756,0
50844,1
32038,0
28207,1
16684,2
6622,0
2810,1
4644,0
5762,1
33037,0
33493,0
42669,1
10722,0
32689,0
21084,1
18094,2
32358,2
12307,2
46139,1
19545,2
3071,2
50842,1
53035,0
51989,0
43422,1
57455,1
7256,0
55025,1
37898,1
33829,0
33176,0
16624,1
25245,0
39894,1
24751,0
2891,2
22635,1
35367,1
51926,0
36470,0
22532,0
3915,0
50999,1
1393,0
5997,0
14365,1
59511,0
20527,2
14499,0
3473,1
41924,2
46747,1
5639,1
9400,0
23854,0
55083,0
54129,0
4437,0
6572,0
27964,0
52814,1
9684,1
19341,2
11977,1
10603,0
40790,0
49277,2
50312,2
43347,1
54412,1
24688,0
21925,1
45904,0
34784,1
44339,0
18843,2
55574,1
34706,0
1055,0
37864,1
10512,1
14880,1
6664,0
44574,0
5423,1
23028,1
14531,0
37229,1
57204,0
41219,0
57777,1
45765,0
36614,0
36074,0
43774,1
4719,0
50617,2
41098,0
35996,0
32303,0
22855,1
56239,0
57669,2
1848,0
57215,2
1381,0
5438,1
45734,0
31012,1
53526,1
50724,1
30069,1
31120,0
38457,1
26935,1
11399,0
44196,0
29916,0
24321,1
27244,2
24946,1
53875,0
41792,0
38560,1
50944,0
22693,0
57739,2
53794,0
29208,0
39792,1
8597,0
7555,0
22446,1
37465,1
55796,1
51406,1
28236,0
44006,0
39632,0
15407,0
50802,0
27050,1
35344,0
53833,1
22627,0
59000,0
18348,1
51182,0
32678,0
11129,1
56832,0
46873,2
53139,1
5564,1
35636,0
7311,1
2251,0
45375,0
16527,0
14101,1
4747,1
47053,0
27407,2
15759,0
11925,1
20230,1
13874,2
51536,1
18963,2
2290,0
38234,1
40259,1
19200,2
43645,1
51768,1
30222,1
52925,1
43543,0
33883,1
42061,2
994,0
26234,2
2505,0
55687,1
48349,0
57292,0
21329,1
38052,1
55085,1
20374,0
35562,0
56545,0
28135,1
46464,1
34276,1
31087,0
45121,0
20804,0
45664,0
6565,1
51947,0
55562,1
35141,0
13739,0
41403,0
14466,0
59536,0
25365,0
57571,1
43084,0
56120,1
57732,0
36153,0
1751,0
54790,0
53650,1
11987,1
24361,0
15499,0
3691,0
45790,0
58825,1
35055,1
38937,0
52038,0
10395,1
15212,0
51482,0
2368,0
37580,0
16207,2
3401,1
14465,0
56866,0
6523,0
58893,0
31010,1
37600,1
12758,0
23160,0
16262,0
23198,2
26553,1
49235,2
12178,0
6740,1
27929,2
47802,1
42337,1
59567,0
11049,0
40195,0
47385,0
51544,1
20533,2
53202,0
24755,0
46290,1
3211,1
58839,1
56315,1
6302,1
18590,1
33312,1
38377,1
4378,0
57551,2
20823,1
50600,1
6693,1
35134,0
10667,1
1024,0
35580,0
17700,0
21310,1
52785,1
5360,1
55350,1
45942,2
54866,0
2809,2
9438,1
42909,1
3384,1
39532,1
19526,2
18295,1
12454,0
54179,1
25956,2
16813,1
52207,0
33884,1
32882,0
7064,1
13777,1
31250,1
16142,1
6424,1
59334,0
23763,1
12583,0
33621,0
19047,2
43009,1
23548,1
1139,0
30099,1
46407,0
27739,1
13046,1
40724,0
57758,1
28318,1
17351,1
30978,1
33020,0
15787,2
33182,0
22655,2
50337,1
12358,1
1374,0
6323,0
17849,2
37419,1
43179,0
44271,0
25855,1
25770,1
28026,1
24068,1
57277,2
18134,2
9161,1
41810,1
27203,1
23873,2
8340,0
59380,0
28937,0
18823,2
37430,1
37876,0
8032,0
23633,0
27482,1
10960,0
36333,0
48974,0
7549,0
53212,1
42178,1
749,0
9828,0
44708,0
2675,1
58458,1
18713,2
28548,1
38284,0
15084,0
47281,0
36308,0
9086,1
1232,1
54216,0
10066,1
35814,0
42532,1
54936,0
43721,0
15771,1
40987,0
45644,0
46790,0
18020,1
32920,0
56639,1
9463,2
43121,1
37522,0
38832,1
2047,0
30687,0
1546,0
59013,1
30642,0
6411,1
10473,1
37656,1
22315,0
56294,1
24020,0
13708,0
58129,2
4291,0
53548,1
58646,1
26648,1
15765,2
9455,0
38676,0
15852,2
29783,0
24644,0
24395,0
31332,0
59489,2
51628,0
50426,1
40308,2
22837,0
50099,1
52605,0
12600,0
31640,0
9150,0
43308,0
33054,0
34211,0
37534,0
49403,1
36009,0
23860,2
18158,1
30120,1
26407,1
22735,0
51709,0
29843,0
58975,0
54263,0
39539,1
8769,1
23675,0
44631,0
24617,0
21126,2
50629,1
46357,1
3419,1
3098,0
33435,0
42425,1
2253,0
59504,1
49378,1
34885,0
3404,1
40115,1
47284,0
52591,0
34011,0
29515,0
17045,1
27538,1
50627,1
7738,2
23493,1
16574,2
27875,2
32917,1
35693,1
54846,0
22356,1
18106,1
52437,1
31213,0
3179,0
41630,0
6371,0
19717,1
9651,0
30514,0
54082,0
12405,1
6500,0
12443,0
37696,1
30006,0
17638,0
26632,1
32669,0
45301,0
40540,2
55364,1
8269,1
38663,0
40955,0
38972,0
28160,0
51773,1
12735,0
54238,0
37718,1
22499,1
39508,0
34231,1
50780,1
26223,2
8299,0
48476,0
41025,0
11653,0
9509,0
46343,1
10335,0
33506,1
14387,1
55438,1
39678,1
53087,0
23194,1
14435,0
54969,0
22236,1
45035,0
55777,1
18960,0
24479,0
15380,0
12477,0
57782,1
29318,0
59738,1
49370,1
27428,0
9854,1
9605,1
20234,0
46362,1
30175,1
2793,0
38565,0
25501,1
22368,1
55435,0
28593,2
30709,1
50986,1
43682,0
38622,0
29323,0
55814,1
55012,1
24936,1
5325,1
48159,1
24126,0
2715,1
16651,1
4965,1
2855,1
35655,0
21247,2
37766,1
36295,0
28538,2
11243,0
49690,1
50131,1
55114,1
47517,1
26928,1
22741,0
16833,1
14695,1
39232,0
13746,0
57212,0
39522,0
9233,0
29699,1
58082,2
28666,1
39156,1
27151,0
24122,1
46640,1
34466,1
13675,0
51193,0
58445,2
11397,0
45550,0
51667,0
7747,1
14031,0
39526,0
9705,1
2413,0
31728,1
2689,2
54742,0
5758,1
57474,1
34273,1
7618,0
27200,0
59452,2
50547,2
6520,1
41873,0
45712,0
54093,0
52542,1
43832,0
48364,1
32683,0
16150,0
54235,0
56338,0
12397,0
59349,1
57734,2
4905,0
22755,1
32453,2
53376,0
32590,0
53532,0
33911,0
10824,1
6360,1
35918,0
50566,1
20459,1
12060,1
10480,1
19455,0
176,0
10124,0
32406,2
8455,0
57242,0
38754,0
50010,1
44896,0
36157,0
6827,1
4762,0
18878,2
21006,2
56263,0
41086,0
5895,1
48537,0
22654,2
56230,1
39933,2
27169,0
15958,0
46197,1
9088,0
21962,1
44320,0
6032,1
16506,1
21351,2
42539,2
4943,0
40923,0
48539,1
33992,1
49450,1
45739,0
19179,2
10782,2
18408,1
35117,0
7249,0
50498,1
54551,0
8494,2
43851,1
33701,1
17043,1
8637,1
47036,0
52895,2
40676,0
50789,0
47700,0
39931,2
50767,1
38068,1
52305,0
58890,0
50157,2
44679,0
1963,0
1960,0
868,0
36876,0
41243,0
1026,0
27404,2
48825,2
5765,0
55989,1
56430,0
52315,0
8384,1
9703,1
37388,1
45372,0
29261,2
52834,1
17378,1
49017,1
37230,1
8706,1
26569,2
41819,0
58194,2
53452,1
11889,0
56614,1
10192,1
16486,0
31300,0
55173,0
17860,1
53213,0
2105,0
44924,0
23420,1
46484,1
38666,0
2162,0
29308,1
25622,1
48010,0
20383,0
2874,2
50004,0
35311,1
686,0
18351,0
24206,1
21963,1
13420,0
38469,1
51781,1
35465,0
25057,1
20314,0
4837,1
36676,0
32334,0
34408,0
3710,0
10200,0
32007,1
50437,1
5249,1
29918,0
21435,1
11204,0
33330,0
8613,0
29003,0
54527,0
48627,2
57187,0
2547,2
37987,1
47049,0
59110,1
21065,2
36155,0
35894,0
53411,0
39215,0
47786,0
5945,1
45389,0
47235,0
6628,0
31959,1
22863,1
49055,1
42913,1
35079,0
24333,0
177,0
17709,0
51309,0
25429,0
20028,1
33201,1
37265,1
51682,0
24980,0
29423,0
27550,2
23121,1
55587,0
39150,0
52601,0
13840,1
2199,0
11578,2
15089,0
58035,1
30353,1
39941,2
17852,1
19674,1
35277,0
47368,0
42309,1
15574,0
9690,1
39350,2
20086,2
51451,0
14830,1
29392,0
41157,0
31825,0
58421,2
12739,1
37085,1
9811,1
26200,2
49008,2
45326,0
8257,1
18537,1
35524,0
46820,0
27075,1
57616,0
29169,0
7175,1
6959,0
39993,1
35836,0
49847,0
14170,2
47232,0
11822,1
43794,1
1158,0
12824,0
5452,1
27264,2
7621,0
49886,1
49596,1
35466,0
30942,1
45377,0
3636,0
3028,2
52023,0
21797,1
22578,2
10831,0
43043,1
40224,1
22947,2
10848,0
52957,1
18648,2
7375,0
42935,1
56487,0
11225,2
54087,0
38667,1
19897,0
48336,1
56787,1
41771,1
20869,1
28377,0
20201,1
25392,0
54413,1
26228,2
14747,1
14371,0
45848,0
22645,0
56768,0
30469,1
21481,1
34085,0
2588,1
10316,1
3602,0
22000,2
42905,0
25041,1
5588,1
30344,1
38408,0
52431,1
47819,1
29096,1
54826,0
8546,1
47669,1
21522,2
7203,1
20154,1
35492,2
1500,0
31859,0
21221,2
45795,0
47706,1
36208,0
35266,1
8171,1
20634,2
41084,0
29402,0
29787,1
57059,0
46085,1
7840,0
17518,0
41626,0
40215,0
9999,1
51659,0
12672,0
30943,1
57397,1
39213,1
17,0
24585,1
34522,0
53787,1
50577,1
36710,0
51205,0
5079,1
25867,1
241,0
49113,1
50841,1
31915,1
40753,0
22103,1
53852,0
40013,1
4197,0
1992,0
13511,0
2371,0
21317,1
38135,0
53453,1
36543,1
49157,1
48740,2
12698,0
5368,1
51435,1
21079,2
53489,0
12587,0
44377,0
6039,1
7189,0
53888,0
22979,0
22900,0
18444,1
43384,1
56234,0
28451,2
21437,2
13536,0
34423,1
19759,0
27775,1
37813,0
56483,1
14452,0
27627,2
57351,0
29057,0
47941,1
58334,2
57498,1
39651,1
49127,1
34610,1
44910,0
58914,0
55029,1
56199,1
20925,1
18950,2
26820,1
36406,0
18824,2
31752,0
3084,2
58066,1
41310,0
25138,0
16584,2
41550,1
45507,0
30050,1
5420,1
9592,0
31910,0
45578,0
34278,1
52867,1
8034,0
518,0
41429,0
5294,1
53644,0
53737,0
45626,0
13517,0
32635,0
1001,0
56465,0
37487,1
24723,0
14024,0
14740,1
54568,0
43994,0
56521,0
2674,1
20440,2
20510,2
47985,0
25851,1
11794,1
18221,0
2816,0
4060,1
32978,1
14332,1
5189,1
35929,0
5696,1
12090,1
2527,2
9213,1
4501,1
36809,1
15351,0
33630,1
6741,1
5205,1
16883,1
35156,1
25661,1
49424,1
45269,0
49171,2
52990,1
42182,1
23699,0
58906,0
44870,0
49562,1
40260,1
25406,0
15171,0
20971,1
6994,1
41523,0
29111,0
28714,1
59255,1
11408,1
16103,0
20732,1
30380,0
2913,0
47394,0
37959,0
17904,0
26057,2
52398,1
54502,0
13200,0
14608,1
16087,1
24221,1
29431,0
35685,0
44799,0
52311,0
20138,2
58415,2
39236,0
44787,0
11633,1
22253,1
12617,2
40459,0
56212,1
48736,1
57072,0
27199,0
27862,1
1181,0
29534,0
23276,1
38092,0
8253,0
34802,1
50663,1
33410,0
35400,0
41982,0
35170,1
18395,1
50696,2
5940,0
35623,0
41509,0
16921,1
20519,2
45916,2
14929,1
25320,1
22728,1
42375,1
58759,1
58763,1
4471,0
54473,0
34843,1
8176,1
43210,1
29073,0
25423,0
260,1
47190,1
8575,1
10213,0
27317,2
9769,0
57081,0
26542,1
15699,0
30430,1
16905,1
57527,0
6279,1
29947,0
32130,0
14525,1
20720,0
30267,1
44998,0
47460,0
56954,0
35461,0
8740,1
12898,0
44669,0
6623,1
28995,0
5989,0
13560,1
47781,1
3280,1
46851,0
21208,2
5165,1
2384,1
24796,0
26448,1
33280,0
36872,0
36329,0
53800,1
22962,1
6394,1
23543,1
33511,1
21633,2
40395,2
40023,1
28333,0
899,0
10245,1
48002,1
34798,0
45526,0
51409,1
13308,1
11111,0
25332,0
40926,0
46408,0
55604,0
52505,1
38862,1
54120,0
696,0
1467,0
37720,1
21170,2
22606,2
7558,0
48630,1
16017,2
5448,1
6625,0
54037,0
58615,0
18974,2
18436,2
48869,0
46235,1
20139,1
57775,2
51511,0
42158,1
7673,0
44945,0
36611,0
26523,1
34377,1
55597,1
8684,1
46476,1
32672,0
13679,0
58052,0
57741,2
37119,1
46095,0
17113,2
56992,0
22210,2
38336,0
30922,0
52290,0
41044,0
4073,2
48693,1
29104,1
49511,1
20843,1
32587,0
35852,0
58651,1
54632,0
21756,1
19858,1
38113,0
45329,0
36871,0
52655,0
42548,0
40497,1
46556,0
22813,0
294,0
11544,0
33503,0
4855,1
24792,0
32364,2
17561,2
2483,0
22317,0
52177,1
40557,0
54659,0
52783,1
9608,1
32407,2
27552,2
54784,0
52794,1
49775,1
36360,0
3269,1
47046,1
22135,2
29862,1
2844,0
39106,1
29617,2
5527,1
26395,1
30275,0
44531,0
30520,0
56152,1
44701,0
20269,1
53640,0
42376,0
25049,0
4721,0
50025,1
6020,0
52464,1
55577,1
30559,1
57117,0
54626,0
10351,0
11682,0
14442,0
47331,1
9966,1
36433,0
3489,0
19402,0
47250,0
51850,0
56501,0
15024,1
21543,1
7883,0
1328,0
29864,1
51246,0
28874,0
18946,2
58432,0
21487,2
55812,1
35484,0
54575,0
1460,0
55907,1
28738,1
25654,0
37594,0
6526,0
23263,1
6435,0
30691,0
12920,1
35360,1
34105,1
9105,0
11082,0
32827,0
30437,1
51997,0
18414,1
37824,0
28225,1
27233,2
41536,1
27027,1
28877,0
32380,2
695,0
10837,0
46039,0
44540,0
41100,0
19392,2
23923,0
29025,0
1277,0
37606,1
8720,2
41477,0
52258,0
12689,0
11726,0
56482,1
47414,0
44430,0
19633,2
5783,1
27691,2
48559,1
58173,2
45682,0
58985,1
1969,0
50947,1
49685,1
27069,1
6243,0
59451,2
22927,1
20771,1
1927,0
53645,0
8519,0
16631,1
6729,1
23800,0
59432,2
49516,1
10494,1
10991,1
6542,1
51105,1
3302,1
10325,1
56346,1
44667,0
27736,0
58075,1
18145,1
39846,2
28921,0
513,0
16073,2
44139,0
52728,1
20255,0
7282,1
24046,0
5837,1
46242,1
18533,2
54599,0
51512,0
16151,1
28319,1
45182,0
34415,0
43253,1
43870,0
34598,0
16881,1
33058,0
21338,1
32868,0
23565,0
21159,1
39698,1
21875,1
57909,1
24365,0
23655,1
39454,1
45749,0
34714,0
27557,1
4680,0
38056,0
56075,0
23421,1
34500,0
18150,1
13024,1
934,0
43974,0
21796,1
8992,1
27235,1
11438,1
18571,2
29140,1
6921,1
38031,0
28957,0
18581,1
19184,2
17679,1
38668,0
55304,1
7597,0
32737,0
8262,1
11452,2
21489,1
12536,0
56175,0
12275,1
50569,1
41763,2
8858,1
20575,1
37974,0
50549,1
37248,1
47828,1
18339,1
41305,1
14981,1
14066,0
16132,0
54469,0
40721,0
16037,1
48015,1
30049,1
18644,0
53905,0
26219,0
15377,0
31936,0
3285,1
45534,0
4216,0
21157,0
34305,0
17614,0
40983,0
39767,1
9199,0
4174,1
6106,1
9844,1
5638,1
23051,0
36858,0
19450,2
7653,0
43503,0
31043,0
43939,0
54633,0
10874,0
25575,0
50772,1
17446,0
27689,2
56243,2
57556,2
51278,0
50466,1
35186,0
18943,2
15474,0
11292,1
56347,1
5580,0
24438,1
11138,0
18550,1
40967,0
11110,0
38907,0
34574,0
38610,1
26733,1
29179,1
57874,1
6127,0
31880,0
19940,1
15578,0
44727,0
4321,0
55639,1
24382,1
15252,0
47792,1
41125,1
32020,1
37619,1
47939,0
41147,0
44997,0
47986,0
7212,0
38255,1
4053,1
290,0
41499,0
1474,0
50015,1
25158,0
46572,1
50720,1
22075,1
21598,2
23731,2
39796,1
57519,0
45827,0
59301,1
33995,0
2534,2
58803,0
4856,0
40084,0
9114,1
53785,1
14226,1
54563,1
32356,2
53255,0
6687,0
19880,0
40165,2
25179,0
36545,0
12015,1
9710,1
50813,1
15012,1
56809,0
51950,0
4571,0
40247,1
2325,0
56275,1
40979,0
9810,1
8726,1
46681,1
45576,0
1411,0
39084,1
19851,1
13413,0
46324,1
47165,0
8643,1
29046,1
51604,0
1152,0
29233,1
26194,2
9024,2
16105,0
57639,2
10854,0
32320,0
57597,1
8481,1
46411,1
52874,1
35034,0
41030,0
44056,0
55475,0
17699,0
32056,0
21161,0
1631,0
6968,1
2838,0
45634,0
44290,0
26600,1
54890,0
55694,1
48134,1
15299,0
46428,1
5069,2
237,1
9089,0
14646,2
37504,0
13138,0
58190,1
13551,0
30897,1
44651,0
21735,2
39204,1
28797,0
31011,2
23512,1
41425,0
11417,0
8082,0
58126,2
49747,1
10966,0
21093,1
25800,1
32090,0
28609,0
44778,0
36236,0
37251,1
31586,1
57728,2
4168,2
53253,0
15685,0
9686,1
26828,1
57897,2
51120,0
47869,0
1058,0
41585,0
21496,1
47805,1
14272,1
41188,0
22847,1
30712,1
42406,1
37108,1
58678,1
48901,1
23783,1
53584,0
35481,0
46593,1
54304,0
18217,1
17432,1
28136,1
14727,1
59348,1
30458,1
820,0
21137,0
26415,1
11217,1
18009,1
20425,1
59439,2
42437,2
39952,0
23801,1
36284,0
37320,1
30547,1
55356,1
3257,1
27230,1
26281,2
26055,2
29999,0
32755,1
25683,1
19088,2
17655,0
57822,2
51952,0
24892,0
56093,0
47208,0
1272,0
53506,0
25030,1
28827,1
27798,1
6776,1
16531,2
48331,1
34664,0
41038,0
18885,2
24,0
41635,0
52220,0
37886,0
32950,0
9415,1
20324,0
26191,1
30845,0
36087,0
9736,1
54492,0
36330,0
15969,2
36930,1
51496,0
34255,1
39536,1
44214,0
45902,0
51763,1
52861,1
54827,0
27265,1
53043,0
10086,1
31626,1
40481,1
13357,1
40075,0
38059,0
36576,0
37435,1
45304,0
20293,2
25090,0
30376,0
47430,0
45632,0
25316,0
30068,1
30741,2
26591,1
11000,0
35072,1
8354,1
34171,0
53006,0
47673,1
19688,1
26501,2
50395,1
57100,0
2004,0
17682,0
57941,1
53048,0
2986,2
4315,1
860,0
33270,0
19961,1
50469,1
41695,1
14739,1
13574,0
42204,1
631,0
3862,0
46523,1
25965,2
47906,1
10132,1
44884,0
26251,2
1704,0
42291,2
26821,1
7852,1
38686,0
34882,0
22377,1
40769,0
52406,1
8146,1
56653,0
25912,2
41287,0
51840,1
28015,2
50637,1
35538,0
22255,1
51231,0
2537,2
52245,0
31336,0
56032,1
28805,2
11059,2
14131,1
240,0
41159,0
8317,0
41578,0
44237,0
4246,0
56697,0
52574,1
47213,0
15613,0
29084,1
4632,0
59658,1
3737,0
44761,0
11699,1
39511,0
16904,1
39281,0
37992,0
49803,1
14899,1
59045,1
2009,0
16571,2
51722,0
10763,0
9128,1
30131,0
27864,1
7526,1
56572,0
35843,0
1072,0
22725,0
51138,1
57603,0
1104,0
35012,0
43346,1
36974,1
3828,2
39448,1
45864,2
22342,0
39493,2
30387,0
29199,1
11892,0
41815,1
20445,0
56187,0
28174,0
45914,2
49717,1
35388,0
14277,0
38664,0
29673,1
50693,1
46081,1
3744,0
2496,0
54648,0
56122,1
13902,0
21732,1
38511,0
6851,0
50690,2
18788,2
33984,1
41374,0
41692,1
1984,0
1715,0
23282,1
58641,0
27437,0
20982,2
33131,0
56561,0
10967,0
53660,1
8701,1
33738,0
16734,1
31026,0
18834,2
5198,1
48784,1
24054,0
17593,0
58889,0
3127,0
50172,1
51263,1
3020,2
53446,0
4214,0
51982,0
57206,0
13410,2
33334,0
32907,1
22020,1
50154,1
45048,0
2072,0
25224,0
13862,2
53521,0
18827,2
13186,0
45789,0
46647,1
38699,0
56327,0
11289,0
57733,2
39143,0
35900,0
36975,1
29013,1
22563,0
19360,2
23692,0
6350,1
23620,0
14454,0
1561,0
36307,0
31849,0
18611,2
47367,0
10166,0
18474,2
52699,1
4824,0
26216,2
8734,1
37365,1
26651,0
34635,0
57275,0
45699,0
45950,0
18559,2
37648,1
7016,1
44066,0
40961,0
9412,1
30409,0
27726,1
15876,1
4000,1
58620,0
40782,0
7034,1
6748,1
15858,1
25220,0
51760,1
58844,1
18057,0
45939,1
34950,0
58792,1
7444,0
16793,2
25404,1
33763,0
13724,1
1919,0
50675,1
54409,0
39726,2
11115,0
23440,1
39527,0
50420,1
11466,0
15213,0
35897,0
28902,1
38661,1
20764,1
27618,1
34087,1
34329,1
35278,1
25095,0
12867,0
44423,0
34123,1
10092,0
49372,1
55165,1
37001,1
40988,0
9547,0
36219,0
35535,0
27083,1
39276,0
19855,1
22776,0
36592,0
38293,0
36865,1
1084,0
3289,1
44617,0
33385,1
26397,2
18955,2
31431,0
652,0
40073,0
39283,0
900,0
36745,0
45957,1
30356,0
59371,0
28841,0
23657,1
27139,0
55181,1
17769,2
42704,1
5281,1
20157,0
13253,0
585,0
18023,1
13538,2
56051,1
48221,1
43089,0
35262,0
38834,1
58564,1
59313,1
35606,0
27987,1
51513,0
46074,1
15479,0
37918,0
44426,0
32104,1
35974,0
40990,1
24288,1
5830,1
13889,1
31730,0
51141,0
20557,1
47463,0
59443,2
41323,0
13620,1
20483,2
2806,0
19104,2
9643,1
54402,0
59021,0
49527,1
766,0
62,0
15700,2
9853,1
44904,0
4403,0
17713,0
40462,0
49644,1
38260,0
43648,1
29155,1
44121,0
57037,0
50486,1
6419,1
25767,1
50360,1
45701,0
49255,1
1636,0
10305,0
39245,0
50538,1
51183,0
42535,1
30213,0
25866,1
16243,1
40715,1
2829,0
32840,0
5704,1
23119,1
4853,1
35553,1
6404,1
53413,0
49339,1
19581,1
46837,1
6532,0
55067,1
28468,0
43860,0
43818,1
59554,0
46373,1
37727,1
18737,2
9834,1
32437,2
28634,0
59728,0
11851,1
9502,1
51929,0
19841,1
26905,1
5196,1
592,0
12136,1
23370,1
35603,0
44705,0
50672,1
8712,1
42386,0
1862,1
14590,1
11909,0
22263,2
52972,1
43535,1
30827,0
1645,0
56723,0
39689,1
34549,1
29672,1
55252,0
30030,1
45762,0
7584,0
13811,1
3318,1
30466,1
22574,0
46839,0
43328,1
53975,0
41814,1
57259,1
5352,0
11221,0
46035,1
34479,0
34567,1
59585,0
13851,0
12210,1
23637,1
51274,0
58446,2
51233,0
36394,0
4112,0
58817,1
6320,1
459,0
6311,1
2071,0
21509,1
47652,1
13556,1
13648,0
14473,1
7216,0
50120,1
19199,2
23465,0
43936,0
42735,1
31786,0
55396,1
41120,1
10443,1
6761,0
55965,1
929,0
30947,1
6476,1
37897,1
58779,1
17373,1
50007,1
20957,1
13616,1
55565,1
11748,1
59169,1
14348,1
3879,2
33463,0
46482,1
47820,0
45804,0
46069,1
4182,0
9526,0
51882,0
3026,2
550,0
51530,1
40121,1
57151,0
32136,0
673,0
13045,2
5190,1
49483,1
25636,2
6220,1
17496,0
38363,0
27146,0
12123,0
28787,1
30168,1
26383,2
30179,0
18113,1
40149,2
47317,0
26133,2
2672,0
29023,0
11666,0
2623,0
41447,0
16427,0
25686,1
375,0
25434,0
54013,0
46501,1
4560,0
28678,1
7181,1
56507,0
52293,0
31077,0
33820,1
45471,0
56161,0
24141,1
6257,1
49538,1
39082,1
58927,0
9107,1
18579,2
11514,1
41870,0
16950,0
48444,0
53856,0
26636,1
18320,0
28223,1
27547,1
2601,0
8903,1
27120,0
12919,1
33917,1
28750,1
38074,1
29896,0
11314,1
29293,0
58345,2
7818,1
57627,1
6685,0
6064,1
49238,0
13110,2
4366,0
10495,1
34994,1
51341,0
47441,0
32953,0
54552,0
40500,1
56341,1
31160,0
20798,1
5874,0
21935,1
26077,1
57018,1
14653,1
22683,0
13086,0
43525,0
33494,0
33574,1
40878,0
44336,0
49482,1
2173,0
11343,0
30054,1
35684,0
11897,0
3213,1
27917,2
14961,1
24217,1
55906,1
24687,0
15552,0
53274,0
8451,1
5065,1
58393,2
18816,2
46786,1
8611,1
52560,1
26756,1
48168,1
14624,1
8540,0
43776,1
21696,1
33275,0
43027,0
49632,1
50938,0
7499,0
30857,1
25681,1
54781,0
14553,1
25667,2
57633,1
24153,1
29429,0
36105,0
29881,1
34142,1
17566,2
6559,0
49608,1
38385,0
18216,1
42019,2
5587,1
42056,0
53026,0
41424,0
28652,1
58877,0
11923,0
20311,2
49426,1
46050,0
9977,0
1002,0
10591,1
38918,0
35807,0
59340,0
49978,1
58218,1
12289,0
36347,0
36169,0
29396,1
32,0
56148,1
17850,1
29065,0
45346,0
2660,0
9340,0
45860,2
24876,0
33931,1
40537,2
20115,1
44398,0
52426,1
50861,0
58769,1
49335,1
587,0
56205,1
27394,2
4071,2
31635,0
16462,0
49811,1
52417,1
45737,0
33821,0
41103,0
48617,1
4459,0
56168,1
46296,1
26650,1
24136,1
52230,0
26704,1
56304,0
2227,0
1475,0
18204,1
13962,0
713,0
55930,1
44269,0
11816,1
46253,1
11757,0
57091,1
7156,0
4493,1
42944,1
7208,0
47129,1
40057,2
48550,1
53549,0
31380,1
22046,1
38396,1
45654,0
23115,1
12242,0
10311,1
34450,1
45627,0
18173,1
55462,1
38375,0
25209,0
51412,1
4957,1
39683,1
12772,1
39387,0
17447,0
19275,2
16671,1
41015,0
29729,1
18416,1
54233,0
52388,1
48356,0
46199,1
23180,0
35829,0
29815,1
18062,1
28708,1
17193,1
5298,1
35231,1
3145,0
28577,1
20861,1
12647,0
35473,0
20435,1
40358,1
87,0
7954,0
13180,0
39885,0
16488,0
53230,0
4811,0
49732,1
37834,1
29133,0
51204,0
37741,1
56049,1
56960,0
19772,0
58309,2
44808,0
22915,1
11402,1
11168,1
16988,1
53821,1
27521,2
58071,1
37304,1
36478,0
16776,1
30485,0
39732,2
44775,0
14928,1
41459,0
16336,0
56217,0
22438,2
36086,0
53039,0
43859,0
37279,1
48443,0
21967,1
49663,1
15584,0
20609,1
45419,0
40492,1
2526,2
42523,1
6870,0
54084,0
22759,0
8393,0
19046,2
21929,1
51688,0
12781,1
38923,1
52500,1
44923,0
20041,1
54606,1
56489,0
23499,1
24106,1
55660,0
38265,0
10862,1
32562,0
23611,1
12802,1
9216,0
21573,1
2215,0
13881,1
22688,0
8300,1
23442,1
28713,1
9191,0
5694,1
25151,0
56336,1
9181,0
6199,0
3372,1
47163,0
22226,2
2974,1
34050,1
6866,1
56320,1
47974,1
3716,0
54008,0
16768,1
38597,0
10042,0
32373,2
12098,1
56490,0
13087,0
49178,2
57393,1
28214,0
21078,2
26137,2
8291,1
13079,0
20898,2
22057,0
36331,0
39687,1
8180,0
57789,2
30071,1
3335,1
22653,0
45072,0
59216,1
14426,1
463,0
27497,1
9729,1
11190,0
43821,1
14940,1
21426,1
13120,2
31887,0
27619,1
55009,1
54154,0
15169,0
29241,1
12086,1
152,0
12421,1
11042,1
39881,0
26290,0
25525,0
11237,0
3064,2
10248,1
44223,0
59616,0
18978,2
7799,1
29582,0
28768,0
55676,1
41498,0
54276,1
37753,0
24938,0
21977,1
53010,0
6950,1
50711,1
6963,0
10600,0
1251,0
40435,0
50350,1
46376,1
54158,0
40538,2
10150,1
31842,0
53841,0
6153,1
47275,0
31113,1
13499,2
10183,1
36657,0
32786,0
52692,1
53850,0
19952,1
30773,0
29247,0
1187,0
47057,0
4092,2
31527,0
9054,1
57042,1
33745,1
36439,0
8157,0
12957,0
55642,0
5007,1
5083,1
22037,1
28826,2
34143,0
55861,1
49636,1
31766,2
13181,0
41160,1
21461,2
11840,1
33017,0
57064,0
37868,0
46098,1
24887,0
7023,0
22779,1
17988,1
22211,1
53992,0
31152,0
33801,1
7674,0
27500,1
24732,0
25014,0
56629,1
49952,1
21610,1
48931,1
28283,0
9464,0
18157,1
35983,0
45398,0
5723,1
52506,1
56995,0
14558,1
47790,1
24545,0
14469,1
52148,1
55976,1
8439,0
6879,1
34333,0
45918,0
28617,1
36788,0
32581,0
52598,0
18346,1
42045,2
17956,1
20238,2
53743,0
13133,0
42009,1
15571,0
11760,1
10735,0
59278,0
25403,0
34998,0
18385,2
19948,1
14854,1
12975,1
44516,0
24296,1
59243,1
20532,0
50085,1
52830,1
23364,1
3021,0
9796,0
52211,0
48977,1
47332,0
9981,1
28273,1
53093,1
3383,0
32812,0
57685,0
27280,2
50355,2
47433,0
25276,0
27020,1
39706,2
57083,1
30280,1
30817,1
10570,1
7647,0
48151,1
783,0
46077,1
27182,0
15047,1
31618,1
39610,2
40439,0
12099,1
4334,0
38413,1
33464,1
28108,0
59023,0
15550,0
45870,2
23095,0
57522,0
19536,2
7106,1
45909,2
22639,0
24964,0
35189,0
14023,0
11154,1
4785,0
32078,0
18970,1
5076,2
31821,2
47896,0
38220,1
10857,0
417,0
6283,1
25958,2
40507,1
16611,1
32958,0
37884,0
41359,1
49312,0
40615,1
33319,0
3159,0
45144,0
3818,1
51110,1
49620,1
55813,1
29041,0
6764,1
46207,0
17086,1
12240,1
21571,2
45953,0
1088,0
55016,1
38703,0
43568,0
47507,1
8046,0
1598,0
9231,0
5687,1
2428,0
10651,1
2619,0
27702,1
1404,0
34990,1
40904,0
26466,1
15942,2
12627,0
43951,0
14561,1
37352,1
47913,1
13412,0
26307,2
33866,1
32824,0
52330,0
34306,1
31227,0
29545,0
27358,2
29695,0
27588,2
18711,2
29476,0
57793,2
53638,0
58008,2
33716,0
22040,2
48477,1
47434,0
31002,0
5089,2
15037,1
2967,0
6230,1
16953,0
33171,0
53795,0
1396,0
23049,0
45125,0
12863,1
6240,1
43126,1
18527,2
18161,1
3625,2
7367,0
13362,1
9938,1
20320,1
42160,1
7901,0
41984,1
41593,1
33798,1
38083,1
39146,1
20709,2
34849,0
47076,0
55618,0
42936,0
55709,1
32244,1
50870,1
14296,0
50478,1
59564,0
5013,0
47791,1
58475,1
24669,0
49402,1
29762,1
40519,2
30913,0
6158,1
58181,0
32409,2
21757,1
6543,0
50818,1
55688,1
1442,0
11239,0
58524,0
28297,2
54159,0
59250,1
45009,0
54009,0
14734,1
10116,1
18394,0
22587,0
12040,0
13723,1
27898,2
54307,0
4988,0
15075,0
25755,1
41433,0
6919,1
23217,0
16769,1
38015,0
18744,1
2779,2
40808,0
52147,1
36867,0
20659,1
54564,0
39406,0
2812,0
41558,0
27745,1
10250,0
15039,1
488,0
24534,0
32194,0
22793,0
11553,1
21480,1
16774,2
20167,1
39414,1
54297,0
55431,1
48778,0
50942,1
54005,0
42239,2
52968,1
9754,0
59770,0
24995,0
20617,1
45179,0
44822,0
47571,0
43618,0
42373,1
41845,0
4715,1
27861,1
4621,0
59385,0
45900,2
58102,0
7661,0
45005,0
22486,1
27024,1
32135,0
23967,0
39279,0
1080,0
58479,1
1972,1
52115,1
46184,1
11542,1
51830,1
22301,1
29219,0
5250,1
59239,1
57478,1
4877,0
34152,1
50448,1
53819,1
8587,1
46167,0
50122,1
22178,1
19652,1
27029,1
54063,0
2516,2
2849,2
45668,0
56998,0
44167,0
20497,0
57839,2
35537,0
46176,1
2150,0
14582,1
30433,0
10903,1
25031,0
47150,0
11881,0
9287,2
50048,2
39456,1
26351,2
5873,0
31523,0
27126,0
15319,0
49849,1
14419,1
53523,0
7451,0
32097,0
52459,1
39922,2
6431,1
51287,0
45380,0
49454,0
38731,1
17419,2
52725,1
8040,0
29983,1
53648,1
51356,0
29078,0
55028,1
51265,1
40420,2
5767,0
58006,1
15236,0
30192,0
1146,0
30105,0
38021,0
38949,0
9084,1
55011,1
59727,1
39860,0
10186,1
22373,2
37996,1
2949,0
2364,0
19990,1
27479,2
44671,0
44850,0
54150,0
41456,0
50948,1
48079,1
47466,0
8464,0
15233,0
50338,1
21762,2
31826,0
46879,0
6239,1
14855,1
5986,0
2267,0
11178,1
18643,2
49295,1
15567,0
7839,1
316,0
28097,0
29352,0
57323,2
36367,0
27655,2
29746,1
345,0
55488,1
49304,1
30169,1
3481,0
33721,1
25679,1
46057,0
33724,0
31486,0
59696,0
25749,0
23525,2
25524,0
45220,0
20646,0
20837,1
31783,0
39554,1
13999,0
28953,0
33568,0
48659,1
49729,1
29735,0
11459,0
25068,0
38715,0
56663,1
24848,0
52855,1
12737,0
42930,1
37536,0
59731,1
19786,1
16005,0
38769,0
7154,0
56950,0
18898,2
887,0
4290,1
35495,0
45363,0
9082,2
46440,0
4,0
28773,0
50743,1
28946,0
19641,0
6894,1
58044,0
7820,2
57158,0
23707,2
15482,0
29209,1
38783,1
56233,1
22524,0
37271,1
16679,1
33050,0
53178,0
5753,0
26199,0
15696,0
10333,0
19154,2
17389,1
30518,1
25548,2
56068,0
48844,1
47776,1
1273,0
29928,0
22254,1
48491,1
16203,1
49533,1
26464,1
21244,2
25806,1
36511,0
30379,1
43532,1
22871,1
16518,0
18350,1
7762,0
32441,2
39461,2
13829,0
46080,1
5210,0
25978,2
52154,1
2665,2
13157,2
57205,0
42527,1
32686,0
57907,1
29630,1
13704,0
8841,0
5237,1
8244,1
5773,1
3086,0
29196,0
41756,1
16848,1
37339,1
46258,1
24107,0
54849,0
44547,0
55704,1
45962,1
39361,2
57238,0
45231,0
53488,0
12079,1
11066,0
55311,1
57361,1
57699,1
29823,1
10567,0
15193,0
1974,0
27604,2
5529,1
11960,1
27002,1
30789,1
55256,1
35121,0
43902,0
27127,0
38478,1
54778,0
44858,0
48311,1
37187,1
47293,1
6026,0
27744,0
47361,0
19736,1
11341,1
796,0
14963,1
28143,1
50265,1
35158,1
18042,1
6535,1
23231,1
6759,1
548,0
10912,0
24683,0
21470,1
4218,0
50431,1
29976,2
19448,2
46513,0
48521,1
15660,2
55121,1
28336,0
15120,0
30721,1
58203,0
32388,2
51484,1
47221,0
44342,0
49340,1
57004,0
50141,0
12089,1
5292,1
33314,1
45997,0
43293,1
36678,0
8694,1
15843,0
37399,1
44806,0
45062,0
14337,1
44152,0
54299,0
28041,1
38203,0
51300,0
17208,1
18465,0
54104,0
23781,0
49279,1
7088,1
15529,0
651,0
57472,2
35760,0
49354,1
1512,0
35273,0
15705,2
59538,0
46127,1
22807,0
6409,0
54433,1
18748,2
37601,0
20195,2
41834,0
34778,0
28368,0
51826,1
37784,1
24456,0
19298,0
39116,0
35178,0
7767,1
50300,1
35071,1
34902,1
38733,0
28133,1
57139,0
33887,1
25537,0
49744,2
26613,1
24609,0
4435,1
48661,1
41794,0
12798,0
40740,0
45117,0
50090,1
22541,0
34229,0
12892,0
29284,0
45297,0
39496,2
33137,0
33761,1
31375,0
48138,1
11421,0
32680,0
3102,0
40993,0
23279,0
10301,1
23737,1
17548,1
14437,1
18214,2
48244,1
11297,0
58174,1
39839,2
12547,0
31096,0
2224,0
58734,1
48922,1
32216,2
51803,1
43361,1
3049,2
41729,1
6177,1
35947,0
10557,0
29956,1
53449,1
11406,0
18785,2
31371,0
10457,0
49282,2
32070,1
38306,0
15142,0
31913,0
35197,0
174,0
45543,0
3531,0
36861,1
28561,0
16716,1
59302,1
59362,0
43390,1
1830,0
42330,1
37535,0
23505,1
28447,0
10744,0
840,0
48811,1
42616,2
17421,2
16047,0
57222,0
38595,0
38515,0
7789,0
55054,1
12154,1
46612,1
40478,1
5913,1
59376,0
27871,1
50457,1
17800,1
43340,1
45556,0
11584,0
57045,1
46313,1
16223,1
37246,1
3678,0
30450,0
54739,0
4651,0
58872,0
7548,0
16887,1
56948,0
47581,0
23938,0
38193,1
43418,0
54630,0
32738,0
39761,0
55445,1
7361,0
1010,0
49189,0
9653,0
55101,1
53646,0
29010,1
41276,0
16072,0
21897,0
9975,0
8296,1
41528,0
20237,0
46847,0
7518,0
12052,0
59635,0
14216,0
42345,1
2866,2
49088,1
30074,1
40825,0
3062,2
19015,2
59630,0
49892,1
3212,1
37038,1
27683,1
6042,0
37629,0
53769,0
8104,0
25340,0
17807,0
13792,2
51485,0
41541,0
22431,1
164,0
58913,0
23808,0
21936,1
57629,1
42085,1
40664,0
43549,0
2659,0
27412,2
9436,1
8961,0
33151,0
46029,1
34293,1
35276,1
58290,2
37799,0
2137,0
56664,0
54478,0
57266,0
59006,1
30921,0
27659,1
1713,0
13300,0
46084,1
10789,0
43822,1
26755,2
24997,0
996,0
37126,1
46679,1
19760,2
205,1
16942,1
40252,1
1572,0
26794,1
45979,1
9152,1
16781,1
30249,0
14794,1
34667,0
21859,2
17794,1
57199,0
22353,0
14196,0
14912,1
7213,0
50116,1
16622,1
7027,1
44731,0
15339,0
9846,0
37316,1
36397,0
29939,0
46478,1
42596,1
18687,2
5337,1
53510,0
41500,0
2807,1
14594,1
48490,1
29414,0
4281,0
57735,2
55723,1
15288,0
47534,1
11639,1
35824,0
6382,1
36289,1
33,0
48704,1
54941,0
42591,1
5434,1
14921,1
23097,1
32688,0
28467,0
41766,1
6724,1
40426,2
19469,2
683,0
3898,0
55217,1
22164,1
6395,1
13236,1
33132,0
33262,0
56163,1
33429,1
33557,0
13780,1
2040,0
54139,0
55342,1
46871,0
17648,0
27870,2
3746,0
34331,0
16483,1
7314,0
4792,0
20699,2
30491,1
57258,0
51878,0
19492,2
33759,0
57280,0
11152,0
42546,1
53759,0
49580,1
27237,1
7004,0
56955,1
22190,1
4217,0
12075,0
26172,2
26225,2
30204,1
43113,1
50936,1
44160,0
43122,0
26560,1
9282,2
24651,0
42889,0
22802,0
26018,2
13805,2
24304,1
35499,0
30125,0
23064,2
54532,1
54721,0
1340,0
26871,1
39574,1
47446,0
159,0
21535,1
42486,1
9439,1
55692,1
28591,1
14975,1
51834,1
19725,1
41779,2
33362,0
21092,2
15496,0
25522,0
10611,1
37912,0
9316,0
38812,0
13425,1
7257,0
18992,0
10112,1
37024,1
39166,0
52377,0
57804,2
20296,1
54188,0
17609,0
26662,1
15743,2
18925,2
14450,0
51323,0
36092,0
30258,0
37578,0
10522,1
46805,1
18808,2
21142,2
54521,0
10258,0
32449,1
14784,1
51036,1
58480,1
5620,1
20805,2
16099,2
29773,0
35233,1
11885,0
35144,0
32080,0
3427,0
45310,0
28246,0
16448,2
3772,0
56520,0
34573,0
21172,1
2606,2
9903,1
41948,1
15026,1
41884,2
11723,0
24615,0
13850,0
38726,0
52913,1
15708,1
39701,2
823,0
11167,0
10103,0
20662,2
7699,0
17410,2
17583,0
48278,1
31872,1
998,0
36935,1
24056,0
44285,0
44683,0
46025,1
32352,2
47396,0
43426,1
33712,1
39111,1
25396,0
45083,0
7183,0
4016,1
46812,1
44658,0
22546,0
8415,0
2123,0
4283,0
8324,1
54982,0
6805,1
46842,1
4416,0
54710,0
58944,0
33111,0
50920,0
14210,1
45474,0
44138,0
30243,0
36896,0
10337,0
58214,1
56087,1
47674,1
34225,0
6680,0
46537,1
8275,1
58293,2
8668,0
3900,0
46926,1
32767,0
30748,0
19839,1
59041,1
56154,0
41668,0
47078,0
3868,0
54427,0
17793,1
59326,0
50769,1
54053,0
3951,0
13795,2
24235,0
7484,0
35271,0
58850,1
26981,1
10872,0
35621,0
8958,0
43272,0
51692,0
5064,2
51945,0
3786,0
41156,0
34923,1
45430,0
7313,1
23777,0
31061,0
53730,0
99,0
6281,1
42127,0
9232,0
28340,1
54458,0
52778,1
11181,1
22864,1
602,0
41234,0
14052,0
27863,2
39264,0
6222,0
30577,0
42165,1
36055,0
11354,2
48655,1
26026,2
25309,0
48033,0
20369,1
53797,1
12786,2
21029,2
43270,0
55003,1
890,0
22006,2
8787,0
37149,1
59706,0
43875,0
22648,1
50032,1
45787,0
59645,0
20450,1
40704,2
16111,2
37867,0
8593,1
33889,0
32525,0
3030,2
55174,1
8017,1
38927,1
12776,0
12018,0
9021,1
52912,1
1376,0
35058,0
29829,1
6010,0
2012,0
10095,0
38708,0
46648,0
54932,0
44505,0
28821,1
37208,1
47358,0
38109,0
57189,0
34775,0
58902,0
59528,1
45726,0
16880,1
42404,0
32623,0
11619,0
25989,2
35937,0
8510,1
2308,0
30418,1
48858,1
50204,1
16542,0
22167,2
53768,0
27335,1
59067,1
52815,1
29644,1
35966,0
9437,1
22027,1
24218,1
11022,1
24420,0
42964,0
3845,1
1943,0
9913,0
27051,1
36154,0
38354,0
40839,2
40368,1
3580,1
8840,1
20631,2
20832,1
10461,0
21495,1
52848,1
51875,0
9611,1
10462,1
3229,0
1418,0
45437,0
44326,0
41642,0
33508,1
59395,2
43973,0
22334,0
55959,1
50716,1
24277,1
42357,1
12887,1
28431,1
25814,1
31392,0
44899,0
16815,0
14330,1
58926,0
4245,1
26256,2
58386,2
39833,2
54808,0
29604,0
26376,2
42031,2
43029,0
4117,0
33308,1
5891,0
23888,0
48850,1
17665,0
14257,1
45890,1
28122,0
49474,1
58032,2
13597,2
25486,0
43819,1
51868,0
13747,0
735,0
2385,1
33212,0
24425,1
36727,0
7867,1
30892,1
20047,1
38324,0
33426,1
19820,1
40581,0
58207,0
15731,2
38890,1
42111,0
53408,0
16108,0
48442,0
35863,0
21072,2
21949,1
54387,1
22987,1
59532,1
34914,0
1115,0
26449,2
14392,1
17691,0
42864,2
46285,1
53235,1
15859,2
27454,0
31421,0
25344,0
3706,0
46431,1
47245,0
3613,0
37097,0
11135,1
58523,1
45663,0
52534,1
21226,2
3984,2
50752,1
21209,1
13646,0
45443,0
15719,0
18897,2
19351,2
13863,0
51587,1
48157,1
29257,0
43894,0
37872,0
33162,0
26596,1
16945,0
47653,1
57501,1
14947,1
50606,1
6528,1
40755,0
46311,1
24316,0
19393,2
11483,0
1688,0
28542,0
38238,0
7851,0
8127,1
21316,1
8931,0
48577,1
25932,1
22221,1
32285,0
39729,2
7052,1
21811,1
12481,0
20704,2
54851,0
6508,1
36103,0
33387,1
10050,1
29102,1
3720,0
20125,1
18904,2
47355,0
25366,0
3563,0
38860,1
25928,2
52738,1
605,0
7990,0
57423,1
56400,0
21320,2
49197,1
1360,0
6296,1
51450,0
58760,1
7847,1
5492,1
51971,0
33389,0
43836,1
48985,1
45604,0
40822,0
10503,0
5554,0
15566,0
42961,1
58313,2
53113,0
48370,1
34682,0
5359,0
10555,0
7491,0
15548,0
48827,2
51153,0
22112,1
24865,0
43898,0
38600,0
30047,0
44785,0
19210,2
40829,0
39270,0
43124,1
47124,0
55246,0
58450,2
36874,0
34828,1
56701,0
54474,1
21764,1
25019,0
44619,0
26989,1
51151,0
40269,2
59256,1
41882,1
24081,0
30033,1
55935,0
40423,2
9431,0
496,0
10184,0
42941,0
11730,1
53421,0
24647,0
51787,1
41369,0
35424,0
13135,2
52439,1
4441,1
8388,0
16079,1
15565,0
7986,0
16585,2
44754,0
28477,0
31149,0
7480,0
21506,1
3132,1
55138,1
46568,0
17459,1
57188,0
42152,1
30663,0
37094,1
36444,0
821,0
19923,2
24477,1
55582,1
49621,1
50373,1
7554,0
42557,1
23309,1
54786,0
163,0
21630,2
17423,2
42615,1
49974,2
53964,0
1188,0
27866,1
52370,0
29981,1
57608,0
27066,1
28580,1
51216,1
443,0
35588,0
27004,1
58634,1
37506,1
46674,1
16358,1
49037,1
33178,0
33592,0
34008,0
33718,1
5397,1
33185,0
54034,0
51428,1
29158,1
5264,1
6698,1
35081,1
51306,0
45631,0
46391,1
2164,0
8435,0
35716,0
57290,0
9491,1
25264,0
12759,0
42774,1
12336,0
45470,0
43359,1
24988,0
40257,1
26402,1
38996,0
28892,0
55168,1
47292,1
49601,1
28929,0
50916,1
51189,0
57708,2
9716,1
9177,0
24769,0
30865,2
48083,1
25451,0
13267,2
50642,1
21844,1
23955,0
46706,1
52001,0
15866,1
10157,1
56110,0
58318,2
34787,1
8773,1
11068,1
4998,1
30668,0
55387,0
7005,1
10647,0
19018,2
48027,1
14380,1
44358,0
16245,0
26562,1
52221,0
9756,1
50943,1
43313,1
37714,1
24752,0
8144,0
57380,0
3016,2
8117,0
31526,0
1125,0
49706,1
28074,0
7619,0
56204,1
40949,0
14481,1
32700,0
12431,1
22747,0
122,0
30538,0
26266,2
21578,1
50853,1
25820,0
11464,0
32551,0
34043,1
55833,0
30584,0
19125,2
20945,1
56195,0
9441,0
18593,0
7477,0
17808,0
9467,1
57252,1
36482,0
38612,0
18371,1
45903,0
50394,1
15313,0
1504,0
50057,1
42541,0
28662,1
38525,0
26883,1
35659,0
49418,0
24264,0
20587,2
26584,2
34507,0
30061,0
37130,1
20126,1
28346,0
19022,2
22781,1
24533,0
31524,0
33147,0
18864,2
4858,0
32657,0
20026,1
58518,1
48181,0
14208,1
33533,1
34100,0
44972,0
1047,0
45407,0
55142,1
13491,0
8280,1
14401,1
34791,1
33302,0
29225,0
48942,1
19480,2
52343,0
20079,1
26001,2
24142,0
52153,1
40226,1
47176,0
6895,1
37262,1
25542,0
33373,0
36327,0
9629,0
29089,1
45743,0
28432,1
34854,1
9207,0
14679,1
22982,1
31840,0
34535,1
18939,2
4976,0
14205,1
8939,1
28303,0
5540,1
31895,0
31901,0
31510,0
3357,1
46342,0
24463,0
39658,1
21766,1
4616,0
45921,0
28369,1
52039,0
19866,2
48616,1
7511,0
8692,1
9196,1
25487,0
14118,1
34792,0
47132,0
44798,0
35120,0
753,0
26296,2
48323,0
25334,1
38711,0
51574,1
2186,1
10498,1
18868,2
57319,2
6045,1
27760,1
27936,1
46389,1
42083,1
20271,1
4782,1
40494,1
58548,0
22053,0
25617,1
6339,1
50206,1
987,0
35755,0
13856,0
18248,0
42609,1
29393,2
12890,0
21382,1
13217,2
51778,1
19539,2
56376,0
23759,1
40491,1
41218,0
58478,1
25571,2
1855,0
3044,2
34265,1
53205,0
38539,1
14888,1
56597,0
21919,1
34875,1
11336,1
53450,1
47059,0
32884,0
9734,1
3201,1
32092,0
55622,0
37124,1
40604,1
26874,2
1993,0
14044,1
26610,1
24934,0
1775,0
6874,1
32168,1
24931,0
34060,1
42628,2
12412,1
57849,2
41467,0
982,0
14944,1
14641,1
34447,1
34870,0
3197,0
17796,1
55657,0
17785,2
50422,1
22462,1
21550,2
40642,2
39394,0
27555,0
56676,2
54501,0
24627,0
56842,0
43096,0
55804,1
57995,2
55069,1
32564,0
23713,0
3389,0
26635,1
45763,0
49982,1
13761,2
52807,1
1601,0
20789,1
16212,0
33199,1
55345,0
35398,0
28779,0
56958,0
31621,1
19836,0
41288,0
33575,1
27721,1
59287,0
46807,1
19253,0
6166,0
15262,2
34978,1
23411,1
5691,1
53885,0
22535,0
13528,0
11202,0
211,1
45564,0
34315,0
531,0
49591,1
47226,1
28443,1
27623,1
48882,1
2693,0
59153,1
4262,0
10014,1
23486,1
6867,1
14349,1
30098,1
22134,1
48533,0
53007,0
29265,1
6203,1
28536,0
50306,2
56452,0
31907,0
45116,0
59681,0
46321,1
1605,0
34070,1
16407,1
21513,2
20736,1
9516,1
18673,2
1699,0
48511,1
35851,0
8028,0
44099,0
43234,1
864,0
20150,1
35612,0
36555,0
37677,1
44511,0
47657,1
52024,0
40963,0
2121,0
12792,0
53930,0
37373,1
37644,1
35128,0
55497,0
7225,0
19244,2
56215,1
3894,0
35075,1
52419,1
55740,1
18455,1
39772,1
47823,1
13407,2
56326,1
29277,0
46620,1
43669,0
19806,0
17055,1
24419,1
41961,0
49718,1
27346,1
37843,1
39123,0
55215,0
23649,2
41465,0
40132,1
6627,0
12568,0
42003,1
18130,1
3852,1
2462,1
46933,0
53406,0
31204,0
53632,0
409,1
18759,2
8662,1
36958,1
23805,0
5028,1
3816,2
31141,0
7876,1
8653,0
36461,0
1640,0
14675,1
292,0
47637,1
8861,1
19391,2
23009,1
36704,0
55881,1
18479,2
17586,0
21533,1
21328,1
40289,2
41830,2
23716,1
20477,0
32133,1
10120,0
2762,1
35172,1
55014,1
53188,0
23281,0
12561,2
7481,0
21051,1
46063,1
59710,1
54213,0
2458,0
38501,1
7561,0
43178,0
54852,0
3485,0
20291,1
55443,1
21845,1
9897,1
57261,0
35384,0
59588,0
39877,0
28642,0
47114,0
27944,2
2602,0
33975,1
32026,0
12365,1
30039,1
45428,0
22872,0
50527,2
8568,0
58709,1
2521,1
23797,0
38775,0
28872,0
42863,1
6711,1
6324,1
53101,1
40036,2
32783,1
14564,0
5807,0
19509,2
29647,0
9737,0
30106,1
54904,0
54256,0
37484,1
57786,1
28408,0
51308,0
13145,2
22063,1
1330,0
37415,1
46462,1
31368,1
18961,2
39515,0
43056,0
54757,0
58865,1
41013,0
38968,1
20689,1
39184,0
25383,1
16903,1
32484,2
12455,1
30673,0
15970,0
39664,1
57937,1
45976,1
26349,2
8610,1
53397,0
25061,0
39995,1
39791,1
55798,1
6689,0
43589,0
46899,1
25720,1
43317,1
12243,1
15419,1
21825,1
8855,1
14384,1
7776,1
50377,1
18892,2
26822,1
2088,0
10283,1
53109,1
248,0
38911,1
49888,1
39474,2
24527,1
9006,1
38484,1
27860,1
42153,2
28063,0
15542,1
40881,1
7293,1
7854,0
41911,0
31784,0
38308,0
35510,0
34556,0
8329,0
19756,1
3974,2
26649,2
13108,0
20087,1
10076,1
6742,1
24881,0
23497,1
23185,1
32864,0
11319,0
14033,2
51759,1
22803,1
136,0
35453,0
18839,2
49821,2
53554,0
45068,0
42994,1
51194,1
24814,1
4312,1
24575,0
43068,0
26322,1
14676,1
350,0
10692,0
18681,1
29574,0
23831,2
12881,0
20722,0
11388,0
59433,2
9136,1
9533,1
36721,0
58690,1
39407,0
15283,0
2498,0
47743,1
28134,1
57428,1
32986,0
27385,2
20910,2
18616,0
23230,1
18099,1
48017,1
36802,1
22483,1
30874,1
1236,0
47744,1
31568,0
224,1
5322,1
29895,0
40256,1
49286,1
30473,0
41968,1
10734,0
19540,2
31760,0
18411,2
35414,0
52188,1
17504,1
13472,1
3738,0
31070,0
45291,0
21803,1
31232,0
42447,1
44932,0
1524,0
4889,0
7466,0
59162,1
37949,0
40099,1
44827,0
42590,1
37759,0
55119,1
26595,1
13725,2
24991,0
46936,1
25546,0
55041,1
13273,1
21941,1
289,0
13802,2
39868,0
52690,1
26392,2
13307,0
14798,1
38679,0
56517,1
36431,0
56921,0
24047,0
37661,1
14968,1
24878,0
53249,0
46059,1
13864,0
45173,0
47139,1
1351,0
58856,0
26645,2
5453,1
38454,1
14314,1
27762,1
815,0
44031,0
35587,0
23990,0
34200,0
8715,0
28789,1
24671,1
59363,0
56238,1
49828,1
37530,0
24539,0
4298,0
59369,0
22659,0
1071,0
14889,1
35627,0
31994,0
42105,1
10956,1
19119,2
52809,1
7700,1
10367,1
11674,1
52547,1
30478,0
23349,1
31963,0
40960,0
36081,0
22269,2
42247,1
24959,0
18323,1
58697,1
30938,0
40532,2
30674,0
41121,0
48277,1
36198,0
59437,2
54160,0
10024,0
33007,0
44856,0
15417,0
24853,1
53022,0
7750,1
3665,0
17399,1
22068,1
37723,1
31091,0
34530,0
27007,1
18220,0
3009,2
19363,2
692,0
32372,2
56928,1
22364,0
42233,1
58154,1
39954,0
47155,0
32238,0
16443,0
858,0
2032,0
10046,1
39501,0
25775,1
47944,1
55673,0
58786,0
21551,1
10673,1
35326,0
19133,2
25062,1
25461,2
27272,1
54291,0
56683,0
42100,2
49137,1
1682,0
54647,0
6081,0
13337,0
2703,1
43828,1
57106,1
27910,1
6396,1
56508,0
55339,1
20092,1
35050,1
30958,1
10767,0
9513,1
35729,0
57410,1
20151,1
14863,1
16006,1
2778,1
36177,0
55981,1
44292,0
9358,0
55293,1
56737,0
31616,1
23416,1
36817,1
6868,1
12832,0
43720,1
17453,2
17812,0
26326,2
40871,0
33730,1
34874,0
9380,0
14038,0
51525,0
54350,0
7245,0
18098,0
22620,1
51635,0
6381,1
12799,1
24619,1
43209,0
26254,0
7864,1
53865,0
12677,0
41079,0
5722,1
27608,1
30116,0
44535,0
50868,1
37703,1
21511,2
31933,1
48689,1
22801,0
42055,1
25987,2
22302,0
31105,0
18377,1
40575,0
12474,0
25004,0
56402,1
16906,1
25116,0
18454,2
23651,1
16520,0
33910,0
35448,0
51956,0
45056,0
28442,0
47050,0
867,0
12657,0
10409,1
21377,2
51157,0
127,0
12857,0
26843,1
43004,1
7626,0
45540,0
16560,0
42495,0
13107,0
57783,1
42676,1
47207,0
4900,0
7047,1
42592,2
7174,0
57254,0
31599,0
16583,2
17383,1
21746,1
7879,0
29883,0
20865,1
56824,1
40938,0
45031,0
19763,0
37076,1
9590,0
39819,2
13074,1
57771,2
2131,0
54302,0
59458,2
38517,0
32498,2
31127,1
9030,1
35705,1
35418,0
41680,0
25763,1
10162,0
22186,1
5506,1
45756,0
17302,0
47381,0
16898,1
28764,0
56476,0
15726,2
25291,0
42313,1
30925,0
29418,0
34622,1
36633,0
50980,1
52553,1
20176,2
56590,0
58741,1
53541,0
37993,0
24485,0
53159,0
46380,0
24711,1
10214,0
52892,1
39710,2
49497,1
226,1
20345,1
44665,0
15432,0
45115,0
22841,1
26757,2
52689,1
24019,1
36146,0
40981,0
32293,0
45748,0
21494,1
57773,2
28394,1
3726,0
6932,1
53495,0
4677,0
21223,2
32769,0
11357,1
36286,0
26103,1
40360,1
20018,1
9921,0
16581,0
47529,1
43850,1
26956,1
51965,0
2412,0
51175,0
7556,0
5959,0
32726,0
56456,1
46657,0
34781,0
6067,0
14464,1
45002,0
8043,0
7011,0
32821,0
49273,2
48371,1
18525,2
889,0
55444,1
33845,0
20403,0
37034,1
13442,0
59195,1
16502,1
47411,0
19510,2
13153,0
27839,1
19584,1
10806,0
25118,0
2383,1
32516,2
13752,1
4187,1
24923,0
29235,0
52775,1
47830,1
14461,0
29086,2
52791,1
48294,1
39677,1
30048,1
8406,0
57869,2
19248,2
57418,1
36100,0
36075,0
15364,2
49422,1
10923,1
32314,0
12027,1
55417,1
24059,1
45988,1
33711,1
5309,1
26979,1
12345,1
41190,0
46506,1
52051,0
10370,0
42608,0
56370,1
50598,1
30980,1
21156,0
50095,1
13084,2
31822,0
4969,0
39173,0
38097,1
28010,1
18435,1
43988,0
59370,0
52938,0
33374,0
49227,2
51408,1
31574,0
17202,1
12347,0
54707,0
34334,1
57881,1
21427,1
2209,0
30104,1
26278,2
41387,0
16987,0
9595,0
55131,2
33411,1
22594,0
50436,1
3295,1
13103,0
9973,1
11431,1
51980,0
23653,1
14438,1
7072,1
6807,1
42324,1
25296,0
6367,1
36067,0
56991,0
36160,0
48810,2
28404,0
17124,2
51186,0
31039,0
52215,0
27399,0
30689,1
22336,0
35279,0
54625,0
26944,1
59173,1
31370,0
18765,2
39673,1
819,0
33168,0
51169,0
40401,2
10592,1
20901,1
47148,0
24549,0
23274,1
56734,1
58552,0
58144,0
58648,0
3573,0
36967,1
47758,1
7147,0
12683,0
58444,0
12949,0
22572,1
34345,0
57902,2
28743,2
14837,1
4177,1
31167,1
3809,2
55388,1
13826,1
9229,0
30155,1
38151,1
48406,1
8480,0
26789,1
41631,0
56810,0
37227,1
59767,0
19585,2
47975,1
10946,0
41505,0
20270,0
9479,1
4318,1
58367,0
37848,1
40128,1
37797,1
36559,0
58429,0
36010,0
8364,1
50526,1
57012,0
45256,0
19660,2
21087,2
26267,0
50748,1
56645,0
21272,2
48684,1
4377,0
2821,0
39102,1
51694,0
51361,0
11774,0
10858,0
41021,0
43754,0
25523,0
13240,2
30166,1
5951,0
23245,0
47873,0
17821,0
56654,1
37826,0
34094,1
38030,0
19637,0
27807,1
33928,1
2936,0
8218,1
10207,0
22738,2
44950,0
37299,1
57484,1
27254,1
16492,0
13422,0
33249,0
39455,1
779,0
8016,1
24265,0
14655,1
29174,0
5081,2
42675,0
20319,0
32906,0
57537,2
46430,1
92,0
28590,0
1110,0
43012,1
43880,0
41566,0
40110,1
23676,2
5035,1
17255,0
28491,1
33857,0
57797,2
38253,1
52703,1
14140,1
30119,0
13989,0
25685,1
29480,0
25269,0
16386,0
37702,1
45836,0
38695,0
9174,1
27487,2
13532,0
20382,1
40414,2
2203,0
53936,0
48897,1
29693,1
58308,2
55807,1
45777,0
33589,0
47990,1
29878,0
26140,2
31957,0
15713,0
14373,1
55797,0
303,1
5408,1
58155,1
7608,0
8045,2
53755,0
38746,0
9717,0
23139,0
2239,0
52581,1
55728,1
52045,0
43188,2
17350,1
6667,0
53674,0
10986,1
49698,2
29569,1
42390,1
33297,0
12442,1
20541,1
25338,0
56585,0
48021,1
26708,1
20644,0
12224,0
4760,1
46465,1
15,0
13476,0
32582,0
7707,0
46263,0
41959,0
57282,2
27359,1
8063,2
9227,1
1377,0
448,0
23741,0
51019,1
1151,0
18441,1
30495,1
34082,0
6991,1
23454,1
29440,0
11192,1
3134,0
45240,0
55933,1
48115,1
23375,2
49405,1
38471,1
9338,2
59311,1
44468,0
32609,0
42762,1
48451,0
5330,0
21540,2
43708,1
27064,1
46891,0
24172,1
12324,0
3311,0
58687,1
21277,2
22245,1
58473,1
53426,0
29056,0
35160,1
1883,0
16461,1
28091,0
39335,1
37343,1
40956,0
11916,1
55984,1
9771,1
48222,1
8947,2
40175,2
14551,1
18780,0
18022,0
32988,0
54284,0
24156,1
41954,1
1622,0
23355,1
46146,1
16013,1
27136,0
54676,0
54713,0
11045,0
37083,1
34760,0
32509,2
11890,0
26627,1
509,0
31157,0
28595,1
34909,0
24330,0
54489,0
44441,0
11995,1
38090,1
19403,2
52967,1
48482,1
15174,0
45569,0
28552,1
5055,2
18093,0
34108,1
52522,1
11372,0
14362,2
51597,1
13748,1
48519,0
9331,1
16577,0
15715,1
16270,0
11893,1
26152,2
212,1
33432,1
55994,1
54686,0
23285,1
8901,1
26427,1
2950,2
58051,0
3508,1
41065,0
11197,1
27651,1
15824,2
3506,0
16449,1
14819,1
34028,0
41460,0
53042,0
32540,0
53574,0
44236,0
10284,1
55096,1
11361,0
35782,0
48360,0
2977,2
185,0
15192,0
36125,0
1076,0
30884,1
7337,0
47264,0
45533,0
31571,0
3068,0
14671,1
57564,2
12678,0
23244,0
12304,1
44171,0
59561,0
298,1
13327,0
22497,2
36907,1
50145,1
25032,0
39675,1
32006,1
4309,0
45165,0
17531,0
40467,1
28062,1
18013,1
1890,0
53272,0
37460,1
57459,2
2402,0
12649,0
36675,0
34954,0
47868,0
50288,1
24888,0
17990,1
34373,1
53467,1
45391,0
40879,0
9471,1
58519,1
4051,1
16324,1
59646,0
57568,1
37355,1
18769,2
28930,0
30388,1
41349,0
30939,1
2853,2
17254,0
6055,1
12549,0
49806,1
11329,0
2115,0
33000,0
22550,0
44355,0
42526,1
8328,1
40623,1
56104,1
47071,0
51842,1
58556,0
39786,1
43626,1
36063,0
8506,0
13936,2
21359,1
51556,1
15287,1
7304,0
19324,2
38073,1
59472,2
1365,0
35182,1
18131,0
42908,1
33235,0
40911,0
9704,1
22758,0
19160,2
39852,2
33956,0
3674,0
49800,1
39331,1
17576,0
46387,1
9953,1
12663,0
2524,2
41426,0
53726,1
19373,2
55367,1
44370,0
30298,1
47280,0
15008,1
8560,0
44762,0
45851,1
49431,1
7577,0
32526,0
38134,0
18060,1
49658,1
43409,1
30543,2
22520,2
41965,0
3762,0
27908,1
33274,0
36491,0
1417,0
59577,0
7388,0
32837,0
44795,0
6924,1
5072,2
22083,2
20779,1
41918,1
13105,2
36880,0
16902,1
49708,1
28895,1
18196,1
52172,1
52561,1
22448,2
38447,0
50633,1
8200,1
44144,0
50820,1
10314,0
2707,2
49059,1
21295,2
44528,0
4854,1
12118,1
36838,1
59269,0
16724,1
36007,0
49766,1
23574,1
53661,0
9566,0
23156,1
56235,0
56893,0
58158,1
23405,1
2175,0
8848,1
49371,1
30085,0
37112,1
55326,0
22207,1
35853,0
48105,1
35774,0
2804,1
53507,0
54542,1
56672,0
56936,1
46727,1
46872,1
5674,0
53600,0
21914,1
15420,0
42434,1
48268,1
42540,1
30146,1
57167,0
43203,1
39282,0
58041,1
9212,2
29955,1
55512,1
6225,1
42952,1
27949,2
51117,0
53409,0
845,0
15304,0
4791,1
24376,0
26955,1
16216,1
6037,0
51798,1
5260,0
2275,0
48094,1
41674,0
22767,0
39644,0
25225,0
50843,1
42873,1
49355,1
30094,0
43544,1
44783,0
56454,0
15130,0
12707,1
20052,2
48580,1
7754,0
27414,0
70,0
31389,2
12277,1
13354,1
45934,1
19871,1
13032,0
18853,2
43752,0
57827,2
30762,0
37260,1
10830,0
42587,0
22792,0
48425,1
52771,1
4482,0
58957,2
35423,0
13309,2
36646,0
28238,0
45037,0
54750,0
31638,0
1620,0
44316,0
42063,0
19912,0
30861,0
20208,0
29160,1
7668,0
28011,1
36701,0
29651,0
13265,0
56684,1
11898,1
53505,0
50264,1
54909,0
46017,0
19917,1
28748,1
9127,1
16892,1
1945,0
44321,0
24976,0
231,0
47729,1
55866,1
28923,0
11961,2
6829,0
35033,0
23688,1
32165,0
29483,0
41532,0
3593,0
39534,1
5268,1
50615,1
2732,0
47011,1
1148,0
11166,0
57076,0
5061,2
26380,2
22369,2
29348,1
19312,2
46722,1
14994,1
38961,0
22441,2
4909,0
56860,0
8131,0
46858,1
5445,1
18262,1
28847,2
52379,0
39799,1
973,0
11755,0
12631,0
51434,1
3469,1
59317,1
57894,1
56350,1
10812,2
39190,0
39579,2
56871,0
16261,1
4404,1
32333,1
51445,0
4293,0
42292,1
24490,0
11920,0
33153,0
28680,1
25940,2
39853,2
51012,1
34680,0
39892,1
41540,0
42715,1
14540,1
27057,1
20564,2
23617,1
28374,2
10223,0
57912,1
1821,0
15618,0
53033,0
18227,1
43039,1
58705,1
17611,0
38801,0
58420,2
17166,0
18450,1
25782,1
32299,0
8026,1
30872,1
24080,1
20806,1
57069,0
26161,1
14939,1
18866,2
39577,1
45691,0
58909,0
6181,0
31711,0
21867,1
31785,0
25147,0
20949,2
52652,0
31945,0
58310,2
4546,0
9852,0
21944,1
43032,1
39876,0
23572,1
1306,0
43613,0
34955,0
7803,1
53259,0
47315,0
3057,2
19907,0
4506,1
10465,0
33035,0
7843,1
53260,0
40947,1
2811,0
6348,1
30355,0
43003,1
48245,1
14857,1
49076,1
56254,0
58876,0
38724,1
22626,2
42018,2
48967,0
21659,1
11003,0
8270,1
2729,1
9792,0
16384,0
54327,0
56244,1
149,0
29505,0
29987,0
922,0
49714,1
45230,0
53068,0
56100,1
33570,1
27888,2
1271,0
45352,0
54227,0
4537,0
51738,1
43456,1
29944,0
546,0
43983,0
52875,1
36006,0
7251,1
5117,1
1370,0
11758,0
48107,1
10885,0
23658,2
39001,0
5022,0
48237,1
53657,1
16579,0
10897,1
17836,1
40122,1
17362,1
47393,0
28844,0
40688,2
39052,0
12183,0
50565,1
45744,0
9733,1
49822,2
2033,1
12276,1
40669,0
44716,0
55636,1
10669,1
6088,1
33096,1
42143,1
35895,0
14658,1
17132,2
40859,0
13794,2
51472,0
12842,0
40544,2
34125,0
9475,0
14034,0
42530,1
4641,0
47876,0
5459,1
7238,0
47175,0
45582,0
14004,0
40617,1
12014,2
25046,0
17123,2
42809,2
59004,1
26680,1
25535,1
45431,0
2041,1
6305,1
55392,1
57764,2
51424,1
6224,1
751,0
23774,0
47472,0
54380,0
34290,1
31346,0
59541,0
33326,0
24427,1
9116,0
20502,1
42972,0
2077,0
30322,0
25615,2
2054,0
36371,1
44103,0
18597,0
19229,2
50513,1
45700,0
26435,0
52697,1
37412,1
33018,0
50562,1
29957,0
1311,0
22312,0
411,0
18354,1
33368,0
28102,0
6259,1
32561,0
48888,1
58940,0
26876,2
14916,1
51362,0
54514,0
22298,2
47140,1
25774,1
45042,0
14977,2
46929,0
59663,0
19913,1
58736,1
13591,1
21891,2
21857,1
32616,0
2468,0
42073,0
10731,0
31403,0
16665,1
41322,0
5698,1
8822,0
19076,2
27390,0
21189,0
15597,0
41031,0
18602,2
41701,1
57726,2
14529,1
13693,0
53417,0
10483,1
14527,1
28311,0
40807,0
40299,2
3623,1
3794,0
35005,0
18245,1
32914,1
38997,0
16827,0
23295,1
27573,1
58074,1
12907,0
35822,1
15309,0
33423,0
24228,1
9776,0
15573,0
57859,2
26367,1
173,0
35519,0
41741,1
10952,0
28690,1
39265,0
22774,1
29726,0
48733,2
27271,0
38202,0
22538,0
2506,2
37080,1
28868,2
27144,0
20225,2
45854,2
17677,0
43250,1
17934,0
1967,0
20399,0
21447,2
11820,1
53367,0
50382,1
11019,0
35490,0
26976,1
6163,1
59167,1
2158,0
28296,0
16224,0
11709,1
52790,1
39153,0
14485,1
15405,0
38213,0
44964,0
16762,1
9058,1
4978,0
12796,0
41598,0
32777,0
10638,1
14946,1
9584,0
669,0
6340,1
28697,1
1999,0
24030,0
39720,2
38338,1
12272,1
38446,1
51833,1
44793,0
58515,1
12522,0
43386,1
48410,1
18598,0
13589,2
30688,1
3198,0
40004,1
44419,0
17371,1
44372,0
37781,1
46119,1
38362,0
4533,1
36391,0
52625,0
33457,0
32681,1
41194,0
1263,0
51890,0
15455,1
28228,1
25687,1
53616,0
3935,1
47444,0
45905,2
1851,0
750,0
59052,1
52206,0
12944,0
45090,0
16984,1
58744,1
58662,0
43591,0
28204,1
44848,0
22601,0
12987,0
57665,2
39542,1
12363,0
23131,0
48432,0
16075,2
20221,1
17026,1
566,1
8730,0
4795,1
14741,1
33193,0
42957,1
39285,0
12135,1
9217,0
17211,1
20969,1
31060,0
20498,1
43278,1
27397,1
30265,1
667,0
31449,0
9126,1
16460,1
52043,0
23471,1
27010,1
28415,1
9955,1
22798,1
3120,1
40029,2
55262,1
15202,0
40903,0
24850,0
57592,1
19670,0
50097,1
31110,1
17534,2
26481,2
41522,0
18887,0
30722,0
24573,1
5982,0
30331,2
4392,0
32787,0
13991,0
39326,1
2355,0
52741,1
49305,1
49061,1
35230,1
2671,1
56601,0
6144,0
28553,0
41066,1
47642,0
15978,1
21671,1
47586,0
46423,1
27918,2
57740,2
32936,0
59292,0
13037,0
47536,0
49927,1
2630,1
49078,1
28181,1
55098,1
54476,0
26142,1
49768,1
4916,0
11084,0
11965,1
13000,1
42436,1
41180,0
49938,1
9832,1
55414,1
20214,1
11526,0
55752,0
54028,0
22318,0
11764,1
39996,1
2000,0
31413,2
33795,0
19429,2
18985,2
38274,1
33076,0
5918,1
28664,0
12724,1
57868,2
863,0
35310,0
11374,1
8044,0
59665,0
29471,0
15073,0
47841,1
4108,0
12133,1
49852,1
26551,1
28765,0
35335,0
51735,1
48895,1
59303,1
6465,1
40908,0
31820,0
54733,0
49309,1
7675,0
31191,2
39896,1
30004,0
20458,1
808,0
9839,2
51837,1
32149,0
47736,1
11568,1
41574,0
15857,0
29347,0
50996,1
29035,1
55566,1
44838,0
40594,1
11500,1
52199,0
21538,0
32957,0
20940,1
39912,1
21346,1
55428,2
2155,0
59238,1
42483,1
23304,1
30898,0
402,0
57174,0
34272,1
50079,2
19073,2
14109,1
14683,1
1860,0
43957,0
14086,0
25629,2
23162,1
54897,0
56214,0
51452,0
25401,0
44201,0
40713,2
50819,1
15448,0
41301,0
58259,0
7697,0
23989,0
44720,0
54975,0
55109,1
32647,0
59123,1
8733,0
40748,0
50165,1
25649,1
37955,1
56381,2
47564,1
9564,0
51898,0
47547,0
11883,1
37276,1
50456,1
41525,1
7929,1
12492,2
40221,1
8757,1
40183,2
24672,0
35296,0
14669,1
34120,1
24515,0
16337,1
39118,1
38323,1
356,0
2710,1
3308,1
7529,0
24155,0
30834,0
10487,1
43667,0
27184,0
46471,1
33890,0
41162,0
33946,1
48640,1
48596,1
24032,0
30261,1
56309,1
10391,2
58768,1
49895,1
35875,0
42037,0
25781,1
41527,0
18902,2
7339,0
38852,0
43825,1
38603,1
15764,0
27082,1
50909,1
55825,1
31553,0
6812,1
48732,2
30654,0
1594,0
2421,0
46543,0
2771,1
5290,1
17528,0
55100,1
56434,1
24196,0
57977,1
20924,2
53990,0
7450,0
44276,0
54567,0
45999,0
45450,0
31458,1
24753,0
9548,1
45767,0
33202,1
20410,1
53420,0
18418,0
12673,0
38594,0
44957,0
49278,2
39463,2
37477,1
57225,0
7620,0
23128,1
53708,0
44990,0
49784,1
34361,0
46770,1
10560,0
6598,0
16009,0
4492,0
48202,1
55563,0
8934,1
21595,2
38662,1
44729,0
43868,0
41556,0
47595,0
18973,2
11258,1
30550,1
15079,0
26898,1
11005,1
38962,0
8497,1
25168,0
21321,1
48326,0
7359,0
15878,0
46212,0
46265,1
4160,1
10433,1
16974,0
29852,1
53165,0
43117,2
57814,2
57287,0
27290,0
41282,0
59213,1
20478,0
58312,2
39716,2
8974,1
4176,0
20786,1
45609,0
22697,2
5594,0
40649,2
23020,0
49158,1
55389,1
12633,0
15086,0
49845,1
31545,0
20693,0
34533,1
9101,1
26948,1
30415,0
23836,2
13278,0
22894,0
47575,0
34173,1
36637,0
5173,0
6990,1
55251,1
13329,2
50342,1
39421,1
48610,1
23253,0
14848,1
32502,2
1763,0
31502,0
9034,2
22062,2
52210,0
9442,0
32961,0
8911,1
32910,0
10437,0
41782,2
27536,1
15763,2
187,0
2536,2
18072,1
21039,2
42954,0
9819,1
56876,0
20473,2
1164,0
53641,0
27078,1
34809,1
8770,1
1359,0
14428,1
58967,0
36925,1
9619,1
19965,1
29549,0
50946,1
8866,1
1863,0
2388,1
53225,0
31713,0
51063,0
47836,1
4744,1
57379,1
42272,1
24236,1
31976,2
50580,1
49284,2
54952,0
38280,0
28314,1
3307,0
5755,1
1184,0
55625,1
54666,0
11876,2
27737,1
36292,1
6537,1
37116,1
13241,1
1923,0
20494,2
43560,1
27321,1
32329,0
28762,1
6434,1
43924,0
34128,1
16878,2
10137,0
50254,1
7576,0
39411,1
48008,0
56658,0
28471,1
64,0
28259,0
42208,0
46269,1
38171,0
10630,1
25857,1
885,0
25399,0
5861,0
44736,1
25037,0
11972,2
38730,0
54704,0
23425,1
49753,1
932,0
41003,0
29637,1
27447,0
40181,2
30014,0
46202,1
28878,0
6875,1
34393,1
40898,0
25157,0
23031,2
31985,0
2585,1
33689,1
40864,1
16558,0
37966,0
11224,1
43292,0
1705,0
21556,1
19106,2
50742,1
52127,1
361,0
20466,2
9633,1
52554,1
18574,2
29069,1
52270,0
55374,0
3660,0
20813,1
42299,0
42772,2
1465,0
20323,1
57613,0
1849,0
30216,1
57921,2
45030,0
19665,1
5776,1
57460,1
43637,0
24779,0
18139,1
46042,0
26398,2
41204,0
17529,0
31134,0
35290,0
15347,0
4242,0
39524,0
52347,0
58491,1
640,0
40525,2
738,0
31799,0
43392,2
54586,1
5988,0
755,0
50318,2
47621,0
55193,1
12219,2
10149,0
40037,2
1810,0
56031,1
13611,0
49254,0
172,0
35250,0
47238,0
12383,1
29004,0
35118,0
17688,0
33958,1
39081,0
54820,0
34739,1
36064,0
9432,1
27607,2
13269,0
28710,1
59676,0
57026,0
30877,0
4212,1
48241,1
49502,1
27624,1
52735,1
16893,2
14408,0
49105,1
47520,1
24800,0
22533,0
40282,2
52456,1
7724,0
22381,2
45020,0
48120,1
14042,0
57005,0
40773,0
54596,1
1036,0
52621,0
17489,0
43809,1
16225,2
8119,1
5835,1
27791,1
21474,2
4517,0
24703,1
31589,0
48603,1
12008,1
49872,1
25191,1
35176,0
12189,1
54718,0
56548,0
55601,1
1584,0
40764,0
8271,1
33303,0
26582,2
35096,0
43411,1
44794,0
22952,1
5531,1
24182,0
22081,2
27149,0
43953,0
8196,0
17357,1
1612,0
8717,0
9108,1
38601,0
46390,1
28001,1
12646,0
50524,1
36820,1
42301,1
10038,1
18167,1
9371,2
36357,0
48428,1
53842,1
44978,0
1662,0
45792,0
47073,0
18127,1
46996,1
11772,1
17164,0
53487,0
45382,0
31884,0
51666,0
1327,0
47405,0
22324,2
21077,1
16188,0
57434,1
10471,1
25984,2
28541,0
17212,1
43831,1
45050,0
38706,0
7923,1
39966,0
22035,1
6089,0
29249,1
40456,0
38692,0
22941,2
18491,2
54379,0
52619,0
57008,1
45337,0
29632,1
58369,0
19283,2
48440,1
52239,0
20198,2
49724,1
48668,1
29118,0
35911,1
48462,1
16146,1
34492,0
29286,0
27724,1
26368,1
39982,1
49368,1
29222,0
42680,0
27472,0
31147,0
33539,1
36939,1
54809,0
33708,0
28230,1
30253,0
53344,0
42822,0
30330,2
45362,0
28095,0
34230,1
58469,1
45342,0
7622,0
10023,0
242,1
54220,0
34753,0
24009,0
43011,1
19739,2
8120,0
37654,1
384,0
25915,2
54422,0
34292,1
19230,2
47654,1
18208,1
4093,1
58793,1
7744,0
50150,2
45457,0
17868,0
7849,1
2417,0
16582,0
11640,0
23332,1
37768,0
44329,0
12278,0
28777,1
11569,1
14763,1
17145,0
45917,2
3952,0
1616,0
41696,1
3046,2
3764,2
34004,0
35085,1
53731,0
45808,0
40700,0
5894,1
45244,0
35795,0
52804,1
35909,0
54488,0
4584,0
52291,0
15500,0
1871,0
14223,0
55589,1
41216,0
57838,2
59584,0
40113,1
12386,1
16889,2
44347,0
56923,0
330,0
46600,1
23610,0
49374,1
55485,0
37078,1
39808,1
12329,0
20080,1
18286,1
11048,0
53431,0
4733,1
4591,1
22976,1
9304,0
9572,1
17776,2
21266,2
13914,0
4646,0
2586,1
12752,1
30232,1
55855,1
36389,0
33762,1
9630,1
50901,1
4375,0
23372,1
29694,0
20371,0
24488,0
16667,1
50737,1
36505,0
57654,1
50354,1
19126,0
3664,2
59299,1
54348,0
53575,0
2877,2
11936,1
39092,1
56219,1
2940,0
56028,1
29820,0
26516,0
34788,0
12787,2
1447,1
54515,0
9784,0
14449,1
16429,0
27185,0
28081,0
25507,0
38297,0
6187,1
28933,1
47412,0
28107,0
9243,0
41568,0
40178,2
10070,1
52615,0
46795,1
47121,1
4142,1
13910,0
57525,1
57666,2
42534,1
50885,1
15753,1
31320,0
11149,1
14557,1
30295,1
30003,1
16840,1
12904,1
35171,0
47984,1
43133,0
58049,0
12262,0
21393,2
59560,0
24254,0
39000,0
50387,1
13604,0
40131,1
16576,1
56390,0
48583,1
8639,1
2292,0
4547,0
52385,1
32189,0
28439,1
29868,1
3247,2
20327,0
6832,1
14778,1
9914,1
505,0
57496,1
467,0
25547,2
11062,0
4663,0
53778,0
15340,0
35039,0
41000,0
49258,0
51640,0
57858,2
10047,1
9288,2
47930,1
8251,0
36582,0
58076,0
50345,1
56253,0
35059,0
40309,0
38643,0
33396,1
45932,0
17078,1
36123,0
35452,0
29855,0
44097,0
59636,0
6204,1
3570,0
29523,0
33886,0
27796,1
49399,1
50919,0
27012,1
22830,1
5488,1
53791,0
4941,0
30622,1
11992,1
36567,0
9919,1
55956,0
6797,0
11067,2
40850,1
58600,1
32825,0
44143,0
48912,0
2903,0
7838,0
22365,2
12795,0
55465,1
38870,0
52420,1
23722,0
28250,1
25305,0
44375,0
28170,1
12928,0
56036,1
28588,0
50830,0
42594,1
50460,1
35163,1
18353,1
6752,1
34858,0
1424,0
50630,1
719,0
5709,1
52597,0
15698,0
21737,1
3343,1
38453,1
15589,0
47200,0
42934,1
32202,0
27812,1
47934,1
41998,0
16872,1
10083,1
24369,1
18804,2
38140,0
36112,0
26913,1
11363,0
46268,1
33283,0
24428,1
26960,1
8431,0
14203,1
52170,1
27725,1
23468,1
3001,2
43380,1
50110,1
2043,0
20815,2
17920,2
37400,1
39446,1
8710,1
17600,0
13601,0
27434,1
57055,0
45176,0
16934,0
25926,2
46064,1
5297,1
57149,0
25290,1
49,0
50177,1
46509,1
41252,0
58943,0
36469,0
1917,0
25821,1
52352,0
8508,0
44892,0
45885,0
2717,2
26174,2
43369,0
38325,1
15300,0
52664,0
25438,0
30029,1
21637,2
21212,1
37655,1
39037,1
6831,1
9480,0
45159,0
51607,0
46048,1
19123,2
3756,2
58579,0
35592,0
47488,1
28037,0
29342,0
17535,2
52014,0
38647,0
12716,1
55346,1
33293,0
42501,1
27634,1
58443,0
40152,2
51615,0
35108,0
43042,1
49297,1
9099,0
30301,1
14070,1
21526,1
12998,0
43929,0
8461,0
51190,0
26546,1
22562,0
39781,1
11708,0
8087,0
52636,0
10758,0
47935,1
55409,1
40785,0
12223,1
55502,0
28069,0
38045,1
43925,0
30937,0
59402,2
32271,0
30672,0
47606,1
29165,1
56935,0
51155,1
43111,0
51316,0
19309,2
17907,1
11061,0
1534,0
47403,0
35125,0
12391,1
25563,1
20340,0
43910,0
35878,0
18007,1
44672,0
11722,1
40409,2
25085,0
35346,0
39969,0
26743,2
39144,0
54222,0
14097,1
1281,0
7144,0
32924,0
30492,1
43772,1
14943,1
42122,1
44837,0
17064,0
46020,0
1127,0
31224,1
35223,0
14475,0
3522,1
38959,1
14761,1
32600,0
9546,1
38296,0
41570,0
42666,0
9073,1
29704,0
37301,1
17169,0
15315,0
39654,1
34800,0
58895,0
353,0
50921,1
35007,1
1759,0
48403,1
41599,0
47055,0
57094,0
56754,0
8377,1
58949,0
58691,1
44774,0
5496,1
36332,0
49628,1
50796,1
4535,1
30825,0
53016,0
1231,0
53187,0
43491,1
4525,0
16748,1
50981,1
17871,0
5666,1
36280,0
445,0
3670,0
54692,0
8372,0
37426,1
35630,0
53887,0
53254,0
32955,0
37423,1
14470,1
27270,2
58622,0
50738,1
37582,0
10344,0
49472,1
18175,0
7274,0
2612,0
22139,2
28147,1
33143,0
31033,0
28077,2
96,0
38589,0
17449,2
29362,0
20419,0
13727,0
27808,1
29283,2
34670,0
49969,1
924,0
12719,1
18873,0
53209,0
54157,0
52687,1
13766,0
19877,2
2562,1
28380,0
52578,1
50850,1
36266,1
59519,1
8189,1
47219,0
55996,1
47618,0
26529,2
36600,0
51192,0
51135,1
58917,0
2480,0
26262,1
14455,1
41122,0
12168,0
20900,1
8336,0
18951,2
26312,2
3117,0
7793,0
266,0
26175,2
4384,0
17940,1
55363,1
49949,0
4810,0
24062,1
48780,0
16989,0
41548,0
54940,0
19190,2
37920,0
20676,2
15511,0
59206,1
56403,0
7316,0
14702,1
35073,1
10559,0
38553,1
33907,0
39312,1
12247,1
28194,1
3966,2
7060,1
5053,2
41469,0
52175,1
53945,0
23436,1
56518,0
52717,1
6336,1
44815,0
25652,0
30389,0
3025,2
8608,1
42121,0
25883,1
39263,0
2031,0
55132,1
16233,2
10235,0
31158,0
57938,1
15808,1
36528,0
4082,0
3455,1
41791,2
39653,1
16278,1
56503,0
27503,2
43958,0
17268,0
13937,0
38142,0
47104,0
57385,1
28424,0
56497,0
33769,0
48062,1
58903,0
6826,1
54619,0
24611,0
15620,1
25663,1
45877,2
48223,1
14390,1
16816,2
12501,0
14043,0
35963,0
3574,0
51367,0
37068,1
13384,0
19547,2
36761,1
47377,0
6928,1
36358,0
56146,1
27768,2
24939,0
52628,0
49082,2
34481,0
9838,2
18650,2
55679,1
41636,0
24537,0
39525,0
42493,1
48779,0
22682,0
15418,0
29832,0
46555,1
42726,0
47915,1
18587,2
36293,0
10164,0
1520,0
40415,2
45091,0
12954,0
28696,1
19442,2
51214,1
26713,1
55330,1
46904,1
50744,1
13690,0
6160,0
32142,0
14093,1
40828,0
1241,0
14697,1
35470,0
36684,0
39066,1
52418,1
31532,0
17325,0
22014,1
54984,0
27058,1
48884,1
4005,2
24259,1
38888,1
44534,0
30327,0
42116,0
33537,1
28093,0
18494,2
40135,1
42220,1
25727,1
6271,1
24697,1
9570,2
18714,0
16664,1
58224,2
34111,0
13444,1
59633,0
3549,0
32909,0
4339,1
34690,1
22992,1
7413,0
11480,1
14773,1
43082,0
27614,2
45079,0
33543,0
6773,1
17944,1
41622,0
21241,2
11324,0
52915,1
29446,0
54700,0
54485,0
45978,0
54116,0
17924,1
24492,1
19202,2
5218,1
26258,1
26286,1
5042,0
32183,0
10961,1
39155,1
48527,1
12320,1
43233,1
1086,0
29620,1
17624,1
48469,1
52900,0
6117,1
41725,0
19684,2
7896,0
2963,2
50196,1
38582,0
11171,0
30072,0
33192,0
42172,1
35778,0
49526,1
8695,1
9873,0
58279,2
41311,0
27565,1
18163,1
15101,0
20027,1
47178,0
17755,0
48932,1
15737,0
5879,0
20715,0
4196,1
41123,0
4699,0
52472,1
9899,1
1326,0
8721,1
7989,1
41784,1
18557,2
21730,1
17014,0
13504,2
32404,2
42095,0
50467,1
29457,0
2114,0
58349,2
271,1
56727,2
36301,0
18119,1
9833,1
3170,1
27894,1
3282,1
15103,0
42174,1
53060,0
56014,1
1345,0
56107,0
50694,1
2408,0
20272,1
22971,1
44042,0
32082,0
53828,0
539,0
21946,1
14400,1
31838,0
11830,1
18668,2
38307,0
10291,0
59415,2
37776,1
23361,1
41112,0
533,0
38824,1
57889,2
14037,2
57289,2
26293,1
55903,1
5991,0
6072,1
33744,0
39491,2
57301,0
29970,1
23933,1
1726,0
12611,0
26690,1
27350,2
21861,2
34372,1
31556,0
53709,0
7733,0
589,0
5572,1
46374,0
34926,1
58671,0
32178,0
52376,0
18104,0
49909,1
4254,0
53377,1
26045,2
5399,0
23091,1
1674,0
42630,1
32568,0
4710,0
43551,0
9928,0
38535,0
28367,1
22622,0
53149,1
27630,1
44159,0
34541,0
25127,1
23455,1
6643,1
50414,1
21958,2
29624,0
5075,1
44200,0
54098,0
42977,1
28290,1
24450,0
51963,0
7349,0
54095,1
14733,1
53378,0
36519,0
25627,2
48700,1
33558,0
34615,1
5675,1
3422,1
15662,1
3223,1
14976,1
4396,0
48156,1
54995,1
10365,0
31252,1
37285,1
20947,1
30507,0
25099,0
59571,0
50091,1
11644,1
28359,0
19925,1
54211,0
3668,0
5710,1
40162,2
19567,2
2722,1
46295,0
52368,0
14121,1
11223,1
59289,0
55750,0
59426,2
52503,1
28363,2
37717,1
9645,1
5119,0
14760,1
57745,2
16568,1
6268,1
33767,1
20146,2
30419,0
15867,1
9947,1
24501,1
48456,0
50151,1
25212,1
46565,1
32918,0
48838,1
5435,1
47977,1
37527,0
6035,1
15681,0
34532,1
57903,2
43451,1
43239,0
20856,2
1577,0
8101,0
52109,1
13028,0
30627,1
54792,0
24621,0
36784,0
34023,0
33934,1
54540,0
46602,1
39928,2
26588,2
12846,0
25768,1
52381,0
15291,0
56996,0
12046,1
31914,1
28944,0
9458,0
14055,1
43069,1
2246,0
9388,0
13016,0
33971,1
7591,0
49172,0
8666,1
39027,0
13380,1
50304,1
1472,0
7981,1
26685,2
44557,0
29576,0
2488,0
17630,1
50848,1
12909,0
1087,0
18329,1
6270,0
42574,1
20007,1
50494,1
6514,1
53305,0
4891,0
21094,1
57852,2
32317,1
45164,0
5624,1
7478,0
53586,0
3924,0
37448,1
16160,2
5863,1
7510,0
31669,0
25238,0
36782,0
11212,1
52443,1
27829,2
7255,0
23844,1
7176,0
32765,0
54628,1
9670,0
19265,1
13391,0
46137,1
46754,1
53889,0
29818,0
53414,0
26442,2
14451,0
44824,0
19424,2
39192,0
1426,0
35805,0
18999,2
28061,1
57631,1
2145,0
56956,0
52243,0
47013,0
33826,0
43446,0
9083,1
22844,0
37237,1
15596,0
16296,0
36777,1
56686,1
28747,0
28883,0
2117,1
16314,2
18510,2
32500,2
46763,1
7501,0
50146,1
49285,1
12036,2
32465,1
32071,0
47197,0
24371,1
22935,2
27515,1
35496,0
46495,1
20073,1
391,0
2972,1
31886,0
11032,0
49477,1
21884,2
58447,2
46587,1
38625,0
7454,0
19478,2
39918,2
22489,2
20,1
22539,0
38642,0
23013,2
25971,1
38564,0
19434,2
11599,1
24367,0
22229,1
21264,2
38445,1
21001,2
44003,0
11378,1
13942,0
40708,1
47448,0
5852,0
54801,0
30613,0
44092,0
33880,0
36944,1
36386,0
7190,1
15875,1
53392,0
36821,1
12164,1
11360,0
37833,0
43271,1
55969,1
4325,0
19326,2
43912,0
16645,1
43673,0
24532,0
47194,0
801,0
44011,0
9662,2
5795,1
28454,0
28859,0
54616,0
56047,1
39650,1
7690,0
2511,2
29237,1
48933,1
24625,0
58983,1
8235,0
50064,1
55960,0
220,1
41561,0
34770,0
44219,0
22745,1
17766,2
3367,1
77,0
19744,2
59084,1
21572,2
55241,1
57541,2
16554,0
17826,0
50129,1
7804,1
11256,0
54914,0
9661,2
20105,0
46382,1
29784,0
13373,1
29182,1
54847,0
20377,0
38774,1
1038,0
11359,0
38885,0
4653,1
48644,1
3630,0
9782,1
53009,0
51772,1
53776,0
26299,2
55249,1
16276,2
48061,1
30501,0
3438,0
53724,0
45572,0
33614,0
55089,0
41915,1
26265,1
55992,1
58819,1
36008,0
56878,0
43918,0
51493,0
32828,0
59671,0
23846,0
46441,1
32875,0
36320,1
49931,1
22569,1
53968,0
56699,0
362,0
40757,0
4713,0
18575,2
34496,0
33080,0
58750,1
37625,0
57911,1
58516,1
40819,0
8008,0
35954,0
12264,1
25842,1
21823,1
15424,0
11753,0
15281,0
57420,1
34384,1
26237,0
30300,1
26862,1
14062,0
36497,0
26669,1
55454,1
32167,0
40824,0
25358,0
36737,0
55481,1
8976,1
27459,0
36621,0
22933,2
54831,0
49084,0
45139,0
22632,0
48864,1
32691,0
25059,0
19390,2
49177,2
3362,1
41495,0
6785,1
166,0
15645,1
21863,2
12656,0
2443,0
18621,0
16763,1
16550,0
1204,0
4512,1
19122,2
29260,0
8533,1
27351,0
17311,0
26034,2
29433,0
27699,1
32118,1
35984,0
50059,1
27658,1
12618,2
17953,0
8604,1
32473,2
55349,1
45452,0
53933,0
33518,1
3655,0
6355,0
11506,0
20516,2
54356,0
19111,2
35711,0
20355,0
26127,2
56116,1
56940,0
41988,1
36709,0
48518,1
56479,1
31813,0
21282,1
23211,0
47174,0
58873,0
51106,1
2346,0
41193,0
14920,0
27364,0
24771,0
48411,1
44630,0
23694,1
33871,0
51731,0
48972,1
10809,0
25097,1
7018,0
19731,1
53668,0
42836,0
19094,2
5262,1
25267,0
18723,2
17485,0
26494,1
55483,1
773,0
12797,0
55599,1
51467,0
28121,0
32306,0
25002,0
52155,1
25093,0
34439,1
10766,0
41131,0
34983,0
48310,1
57237,0
52879,1
40574,0
22628,2
25745,1
56811,0
22215,1
41080,0
57284,2
56652,1
22252,2
4973,0
35035,1
33471,1
50717,1
27882,1
16634,2
15957,1
48955,1
17839,1
33159,0
24665,0
50262,1
23448,2
36578,0
34733,0
23615,0
23004,1
49594,1
46953,0
56416,1
33877,0
37960,0
41361,0
6460,1
39014,0
44988,0
6202,0
53756,0
955,0
24576,1
34449,1
19335,2
53693,0
52064,0
56420,1
28298,2
57093,0
53788,1
2340,0
53346,0
15585,0
23477,2
51210,0
34982,1
36046,0
15153,1
59082,1
49944,2
47546,1
54949,0
50832,1
11588,1
48457,1
25718,0
35767,0
48545,1
39603,2
3640,0
7918,0
5754,0
12334,0
3995,2
22878,0
46594,1
59502,0
25376,1
51059,1
38427,1
25360,0
32768,0
42958,2
56533,1
45440,0
23536,2
39328,1
26019,2
38188,0
20464,0
57176,0
54524,0
8606,1
18470,1
57419,0
55891,1
32161,1
31877,0
52402,0
22104,2
44164,0
12121,0
59722,1
58730,1
55868,1
48123,1
39068,0
34441,1
18192,1
16360,1
22680,0
42489,1
18011,0
13899,2
10448,1
29639,1
4307,1
13068,2
7309,0
38507,0
17874,1
18125,0
56046,1
46579,1
31263,0
36803,1
5697,1
33140,0
48624,2
577,0
32583,0
34157,1
53395,0
53242,0
44442,0
22647,0
51386,0
22624,1
43311,1
15774,0
28639,1
41797,1
50399,1
53390,1
44920,0
45232,0
6585,1
44174,0
29493,1
2532,2
46334,1
54537,0
25035,0
9382,1
23029,1
11976,1
31199,0
36779,0
36551,0
43760,0
58840,1
16729,2
25101,0
51622,0
32470,2
26746,0
25328,0
17307,0
8748,1
30671,1
12841,0
35532,0
46348,1
52107,1
42561,1
16673,1
5219,1
58820,1
10935,0
14711,1
28018,2
15634,0
52103,1
39395,0
46160,1
10741,0
51072,0
3294,1
14892,1
5333,1
44421,0
43511,1
31153,0
50376,1
26918,1
54723,0
24125,0
53902,0
51691,0
10219,0
4034,1
43992,0
1096,0
44369,0
10388,1
8249,1
52845,1
18795,2
37157,1
35536,0
30680,1
2698,1
27333,1
25948,2
28452,0
42259,1
30524,0
28879,2
17264,0
25892,2
36265,1
18753,2
54886,0
59579,0
25028,1
32029,0
28253,2
56655,1
19918,1
53591,0
37719,1
15900,1
38081,0
1122,0
58175,0
8600,0
46061,0
42760,0
3552,1
9930,1
54372,0
1082,0
19255,2
31171,0
2705,2
57986,2
52350,0
27132,0
53275,0
34049,0
6697,0
23965,0
27315,0
18526,2
28433,0
20000,1
48834,1
656,0
38858,1
2633,0
11173,1
23993,0
12814,0
13533,0
23978,0
31409,0
19350,2
32257,0
29974,1
37042,1
43570,1
9532,1
35598,0
17277,0
2905,0
18647,2
46935,0
44818,0
16682,1
22427,2
16920,1
18932,0
52496,1
4902,0
51181,1
46750,0
21734,1
4753,0
12402,1
49265,0
14645,1
54794,0
22174,2
21304,2
46287,0
57862,2
5087,2
45772,0
39047,0
8641,0
7911,0
49999,1
46386,1
56903,0
19801,1
17157,0
47880,0
42316,2
47707,1
50191,1
16958,0
58802,1
24028,0
25558,2
35932,1
20507,2
48599,1
2154,0
50840,1
27529,1
44125,0
25351,0
2163,0
22028,1
48418,1
27297,1
30405,1
54822,0
56399,0
28405,1
14967,1
54209,0
47075,0
14089,1
51248,0
47948,1
38605,1
34940,1
50751,1
20621,1
29468,0
49954,2
49503,1
11455,1
40670,0
29130,2
44009,0
46088,0
27292,1
32017,0
24556,0
14917,1
59668,0
47831,1
55546,1
8064,1
7568,0
54556,0
34312,1
13012,0
54398,0
11112,1
16375,1
39471,2
38011,1
13759,0
16235,0
4819,0
15599,0
22202,0
49173,2
7118,1
50112,1
43693,0
54268,0
18077,1
28611,1
32975,0
23315,1
51570,1
21980,2
45081,0
44094,0
15829,0
31480,0
48084,0
12354,0
16837,1
58364,0
29888,0
53862,0
21462,1
18440,1
31722,0
50101,1
27667,1
56411,1
15982,0
3526,0
39890,1
51112,0
22727,1
8814,0
40284,2
14127,1
57009,0
14847,1
18310,1
40653,2
25938,2
53733,0
19551,1
21760,1
20639,0
40043,2
2161,0
1081,0
11252,2
45973,1
25425,1
58816,1
9364,0
14942,1
115,0
30360,1
1788,0
8206,1
2354,0
59327,0
7909,0
48637,1
19004,2
36316,0
57851,2
7002,1
30391,0
10331,0
26273,1
4597,1
35049,1
45551,0
25610,2
34579,1
10882,2
7605,0
9296,0
27155,0
26706,1
30158,1
36345,0
1046,0
40488,1
13606,1
31646,2
5222,1
40968,0
39528,0
11151,0
44241,0
17497,0
5568,1
16297,2
1392,0
55496,1
25327,0
30726,1
20773,2
48783,1
17412,2
33347,0
4729,0
10216,0
41211,0
34985,1
46583,1
54321,0
28546,0
33728,1
46913,0
42711,2
47889,1
14323,1
6597,0
1756,0
5743,1
48298,1
12878,1
55916,1
31302,0
49336,1
57636,2
15758,2
39562,1
40248,1
14709,1
51420,1
20207,0
31209,0
41246,0
42077,1
45290,0
56774,0
56530,1
38606,1
53339,0
53019,0
37505,1
24685,0
54968,0
27462,1
8762,1
9725,1
5781,1
2640,2
23033,1
2916,0
9248,0
22142,2
18859,2
46803,1
32141,0
15221,0
35068,1
13966,0
36205,0
47276,0
1120,0
43163,0
45707,0
43852,1
53053,0
38928,0
2934,0
4465,0
50370,1
49934,1
18357,1
51899,0
32518,1
54442,1
27314,2
5426,1
37104,1
13414,0
48208,0
29510,0
22432,2
13878,0
52007,0
52174,1
28521,1
11379,2
16380,0
27857,1
36015,0
4983,0
2618,1
52476,1
20585,0
20828,1
11798,1
46364,0
5103,1
52546,1
47069,0
37008,1
43699,0
33868,1
24380,1
44991,0
38648,0
711,0
57770,2
2575,2
12533,0
8642,1
54997,0
35074,1
39505,0
54942,0
7586,0
58399,2
13608,0
53194,0
25826,1
43167,0
30189,1
21805,1
23948,1
12218,2
2926,0
12761,1
25058,0
3667,0
53675,1
32060,0
42967,1
3754,2
42191,1
56974,0
8845,1
11023,0
19508,2
56598,0
28781,1
14572,0
35861,0
25541,0
40874,0
55492,1
50352,1
49874,1
19792,2
32124,1
51702,0
10719,0
35152,0
40568,0
44134,0
54040,0
38254,1
38828,1
56013,1
1250,0
33919,1
28987,2
49303,1
2228,1
19704,2
45969,1
5578,1
8297,1
29556,0
32772,1
53382,0
24362,1
38320,1
15714,0
58629,1
15467,0
30184,0
58510,1
1185,0
38934,0
27571,1
43837,1
28728,1
54759,0
22859,2
1701,0
16601,1
51905,0
5244,1
11896,1
22797,0
57103,0
58413,2
26087,2
14477,1
46772,1
13719,0
16756,1
7686,1
56080,1
34167,1
44081,0
45922,0
42806,1
43709,1
47101,0
15483,0
43019,1
33021,0
53357,0
52836,1
51456,0
6429,1
19467,2
21153,1
6258,1
56856,0
46739,1
11570,1
51227,0
26619,1
45202,0
26202,2
25295,0
8775,1
21600,1
26797,1
33523,0
46868,1
56229,2
37997,0
55079,1
26044,0
2122,0
41925,0
48781,1
38379,1
21813,1
41520,0
43066,0
27191,0
17848,2
43404,2
825,0
28416,1
1535,0
46243,1
29282,0
47416,0
38491,0
39097,1
58410,1
56706,1
41597,0
40648,2
47718,1
107,0
11739,0
42265,1
37496,1
24636,0
10989,0
37202,1
11481,0
14165,1
45066,0
25379,1
54334,0
33499,0
15023,0
14569,1
24061,0
19216,2
10424,2
25586,1
37347,1
43366,1
3309,1
52135,1
56834,1
23738,1
58679,1
16600,1
19846,0
26134,2
44000,0
37579,0
8250,1
10670,1
37630,1
54315,0
37565,0
47060,1
31035,0
40246,1
11729,1
43527,2
57605,0
47090,1
55218,1
46768,1
31188,0
37207,1
51908,0
42035,1
58327,2
31517,0
32021,1
13561,1
54620,0
15395,0
11710,0
28324,0
35090,0
28924,0
3566,0
33259,0
9507,1
6815,1
37914,0
44633,0
42320,1
18522,2
18519,2
32895,0
26547,1
40861,0
30599,1
13152,1
1894,0
44977,0
54392,0
57860,2
2509,2
47192,1
53504,0
42107,2
31308,0
50709,1
36520,0
47187,0
8255,1
13276,0
53921,0
32024,0
55848,1
49429,1
57109,0
2989,2
3060,2
55774,1
4460,0
54035,0
14717,1
6386,1
13231,0
23260,2
1244,0
47875,0
51521,0
8504,1
57905,2
13429,0
38956,1
16365,0
29690,1
59735,0
49777,1
45288,0
9696,1
38672,0
18817,2
38720,0
56770,0
56059,1
17306,0
22695,0
19201,2
29671,1
33732,0
31101,0
48104,1
12270,1
8207,0
47772,0
57436,1
3907,0
8053,1
25024,0
4343,0
23161,1
44766,0
29401,0
58488,1
54749,0
11712,1
34355,1
41933,0
15028,1
47996,1
37147,1
45253,0
40929,0
56635,0
57722,2
3788,0
726,0
9492,1
879,0
6699,1
31652,0
55771,1
59151,1
47565,0
38072,1
46954,0
6471,0
27490,2
23945,0
20745,2
6426,1
25200,0
4756,0
37956,1
5983,0
21660,1
59107,1
28055,2
55223,1
27356,0
39444,1
55257,1
6369,1
13311,2
32439,2
47856,1
44559,0
44958,0
48572,1
26799,1
35119,0
43596,0
50911,1
46924,0
55224,1
46076,0
23629,0
8347,1
20322,1
580,1
43015,0
6738,1
21050,2
16677,1
30193,1
4454,1
4554,0
43550,1
15615,0
56693,0
24906,0
37798,1
517,0
4549,0
44145,0
43886,0
28815,1
33869,0
59429,2
24201,1
30952,1
56082,0
2406,1
8220,0
1379,0
20124,1
54161,0
51739,1
1880,0
17791,1
1684,0
27327,0
27597,2
2376,1
51405,1
8469,0
49381,1
22197,1
31841,0
57494,2
40253,1
42025,1
48791,2
17549,1
6587,0
50444,1
52888,1
49755,1
2759,0
48346,0
21802,1
11476,1
38655,0
43581,1
50548,2
21343,1
11854,0
13713,0
28085,0
8228,0
24817,1
38243,1
57810,2
43878,0
25993,2
30038,1
27256,1
27815,1
58463,1
2697,1
58776,1
32718,0
8263,1
46517,1
16985,0
25440,0
40547,2
33064,0
47794,1
6401,1
41239,0
36454,0
53999,0
24727,0
19267,2
12110,0
12625,1
578,0
9278,2
30511,0
7341,0
46946,0
31423,0
32397,2
30152,0
19431,2
50180,1
48830,2
36816,1
12537,0
41601,0
26358,1
34164,0
20405,1
27526,2
40204,0
9051,1
1547,0
46736,1
17606,0
47957,0
10497,1
25503,0
4504,0
1703,0
20277,1
34400,1
5977,1
53370,0
33748,1
19174,2
25326,0
50487,1
32550,0
40093,0
24249,1
13930,2
16685,1
36706,0
4259,0
55323,1
280,0
49818,1
39466,2
5208,1
47859,1
24231,0
23685,1
11251,2
8914,1
41639,0
46952,0
6388,1
39576,1
23889,0
25722,1
28969,0
23546,1
47035,0
2315,0
23795,0
46576,1
9863,0
42962,1
27933,2
15387,0
41253,0
12103,2
22299,2
17243,0
25155,0
25761,1
38578,0
22426,1
50648,1
22043,1
58451,1
58496,1
40920,0
31217,1
8436,0
4588,0
4929,0
17547,1
15133,0
31889,0
35439,0
25082,0
6715,1
33967,0
28157,0
46318,1
27430,2
42094,0
57893,1
20110,1
49983,1
37782,1
8603,1
36343,0
14500,1
52110,1
15182,0
17664,0
16728,1
20185,1
12489,2
27615,1
22588,0
44797,0
52445,1
49299,1
43757,0
24466,0
16735,1
18237,0
14950,1
36382,0
572,0
57776,2
57127,0
46744,1
41267,0
35488,0
35699,0
33416,0
41069,0
50243,2
12766,0
12817,0
48878,1
21870,2
31590,0
45958,1
23803,0
57030,0
36486,0
16406,0
53519,0
23754,0
57368,2
45279,0
23628,0
9354,0
21827,1
53608,0
5787,1
20235,1
49900,1
36866,0
34149,1
42923,0
33691,1
29239,2
45798,0
57757,1
24158,0
3890,0
22072,2
42467,2
8086,0
25823,1
29172,0
45247,0
50066,1
12433,1
30583,0
11014,0
23325,1
16976,1
50667,1
14471,1
11103,0
1555,0
2236,0
24309,1
46980,0
25536,1
30624,0
19159,2
46522,1
6736,1
28101,0
18957,2
33779,0
25907,1
27000,1
11358,0
26711,1
20431,0
4286,0
21673,1
32994,0
59653,2
23012,1
803,0
21095,0
14381,1
29200,1
33854,0
32690,0
1929,0
41880,1
39392,0
44184,0
20329,0
57677,2
10035,1
56969,1
19151,2
22237,1
54085,0
40678,0
6541,0
53290,0
40342,1
30645,1
4235,1
40313,0
43931,0
1439,0
31163,0
4561,1
37266,1
41869,1
8065,1
34763,0
33149,0
19929,1
26043,2
57678,2
38635,0
6250,0
11831,1
44286,0
27374,1
38574,0
3844,0
25865,1
35702,0
6530,1
26341,1
33567,1
10414,1
33612,0
48045,1
23286,0
57536,2
12176,0
16642,1
26751,2
48667,1
24447,0
37017,1
32129,0
59259,1
11155,1
40112,1
40569,0
38483,1
655,0
46911,0
23816,0
26462,1
51811,1
46910,0
11867,0
26125,2
16028,0
47912,0
51033,1
16760,2
58484,1
8862,2
53210,0
12718,1
42578,1
9129,1
54953,0
27764,1
20468,2
16689,1
42351,1
37888,0
13673,0
56865,0
43176,1
48921,1
39188,1
33881,0
44641,0
46783,1
25886,1
6674,0
9565,0
51706,0
33123,0
47063,0
3964,2
11305,0
46393,1
25239,0
15670,1
33953,0
54730,0
51705,0
51913,0
50472,2
57198,0
1847,0
52656,0
24025,0
35503,0
9618,1
9103,2
12523,0
24759,1
36073,0
41824,2
28806,0
20787,1
23817,0
42917,1
12150,1
2745,1
55440,0
33892,0
33867,1
24582,0
6616,0
31725,0
16008,1
53247,0
20986,1
49109,1
15098,1
26474,2
8159,0
507,0
10614,1
58026,2
21709,1
32035,0
24188,0
37546,0
23335,2
48938,1
44450,0
55997,1
15874,0
54506,0
38815,1
54858,0
25249,0
11209,1
13050,0
2288,1
59145,1
9514,0
49924,1
24780,1
46919,0
59422,2
8155,0
32594,0
46551,0
56065,1
20985,1
14183,0
11026,1
20905,1
10964,0
51242,0
42179,0
13351,0
170,0
27257,0
14831,1
38149,1
2802,2
27510,1
11057,0
57661,2
41662,0
17172,0
52964,1
1186,0
43413,1
15813,2
39719,2
18628,0
55839,1
52712,1
22598,0
53618,0
46233,1
34696,0
22548,2
12207,0
9357,0
1309,0
26677,1
8925,1
40943,0
475,0
57974,1
6784,1
58182,0
9314,0
33424,1
347,0
39258,1
48989,1
7624,0
15903,0
23354,0
18497,2
27620,1
14833,1
51286,0
17009,0
22384,0
27981,0
4470,1
4015,1
56726,1
49637,1
22225,1
50969,1
47961,0
38827,0
17770,2
400,0
24831,1
48063,1
440,0
1663,0
56002,1
27923,2
37306,1
45087,0
21299,1
5614,0
59354,1
8134,1
53866,1
59025,1
2457,0
13317,1
32119,0
48499,1
5153,1
35179,1
13738,0
44606,0
20249,1
40750,0
11074,0
48065,1
46036,1
52257,0
58965,0
49112,1
15305,0
45971,1
20321,0
39750,0
21369,2
2023,0
41093,0
21370,1
24358,0
40463,0
33602,0
51136,1
25885,1
3512,1
43273,2
40337,0
9373,2
2478,0
59769,0
13456,0
43493,0
30812,0
3051,2
34262,1
23963,0
35533,0
24445,0
46830,1
53520,0
45495,0
16363,1
42555,1
56863,0
2046,1
41734,2
51669,0
41994,0
46383,1
1875,0
3842,2
322,0
31114,1
42277,1
18025,1
57910,1
10481,1
19399,2
14399,1
5039,2
12655,0
19383,2
11323,0
9960,1
36571,0
5403,0
29530,0
35130,0
41075,0
33177,0
53806,1
8427,1
52212,0
8678,0
23401,1
42287,1
50613,1
1536,0
24232,0
18187,1
17654,0
11390,2
23438,1
15956,0
5048,2
23208,0
51199,0
35761,0
1624,0
57171,0
52849,1
23703,1
55515,0
50213,1
14521,0
35579,0
12177,0
44493,0
39056,0
32284,0
19527,2
920,0
18778,2
17608,0
38289,0
2827,0
37356,1
17483,0
11899,1
42380,0
1391,0
33597,0
18235,1
43185,0
45307,0
50244,1
30929,1
42395,1
2180,0
5885,0
32945,0
36415,0
13150,1
29122,1
3993,1
9201,0
42764,1
36550,0
49360,1
18382,1
42631,1
58005,1
56922,0
56733,1
24269,0
57227,0
57832,2
39378,2
7564,0
55115,2
39949,0
45004,0
49038,1
47002,0
46711,1
19158,2
23780,0
12993,0
48131,1
20810,1
42072,1
19340,2
14174,2
53351,0
44725,0
6316,0
7262,0
31714,0
29963,0
22459,2
13500,0
24306,1
18896,0
33473,0
46876,1
14310,1
15872,1
55065,1
59474,2
11100,1
16802,1
59416,2
24706,0
18623,0
56270,0
43928,0
30678,1
56435,1
19999,1
3209,0
31906,0
17241,0
38452,1
37554,0
23330,1
32341,0
1981,0
51793,0
42756,2
39278,0
35334,0
8722,1
37051,1
22386,2
48136,1
13756,0
11659,1
47997,1
11010,0
15730,0
58164,1
29653,1
58023,2
54346,1
34540,0
52345,0
16246,1
1350,0
50872,1
11680,1
3320,1
31622,0
15013,1
12509,0
8541,0
24782,0
18290,1
27640,1
6626,0
6278,1
5338,1
11579,1
19822,1
58912,0
28119,0
46205,1
20753,0
23050,2
32967,1
37417,1
33441,1
19042,2
32493,2
58324,2
23578,0
34284,1
3546,1
41151,0
286,0
18193,1
53666,0
49550,2
28814,1
9175,0
21242,2
55289,1
29559,0
50962,1
7431,0
55789,1
40835,1
15220,0
31136,1
55890,1
23509,1
56368,1
18088,0
27580,0
47464,0
24512,0
7211,0
6405,1
8509,2
59626,0
25148,0
39250,0
25764,1
36849,0
13011,0
20178,1
51404,1
54694,0
38191,1
12382,0
54816,0
1413,0
50697,1
54880,0
41560,2
20076,1
18846,2
50058,1
41183,0
43243,1
34369,0
56017,1
57511,1
45041,0
59234,1
18224,1
3941,2
15183,0
27835,1
33642,0
48154,1
55220,1
55068,1
32830,0
2337,0
22195,1
45026,0
37018,1
28620,1
44807,0
2301,0
21570,2
21353,2
21876,2
23930,0
3527,1
57402,1
49275,0
6727,0
45103,0
41748,2
51001,1
47490,0
10781,1
36494,0
44792,0
20353,0
7945,1
44343,0
14842,1
48329,0
42014,1
29373,0
55007,1
45993,0
26667,1
53568,0
25087,0
40429,2
52390,1
23479,0
59597,0
59757,1
3007,2
56830,1
11548,1
37617,1
15307,0
48348,1
9790,0
42673,1
26904,1
57262,0
10054,1
39674,1
24205,1
25356,0
28496,0
38050,1
57409,1
25246,0
2896,2
40788,0
34245,1
45552,0
9323,0
48109,1
5715,1
30354,1
27654,2
19051,2
46774,1
40391,1
54214,0
15284,0
47630,1
49787,1
46445,1
41319,0
27913,2
12306,1
40723,0
57357,0
1728,0
31702,0
53867,1
59734,1
44874,0
11216,1
19233,2
20082,1
19561,1
52647,0
2398,1
51447,0
3807,1
15803,1
36909,1
3250,2
34730,0
19031,1
34988,1
47406,0
42603,1
24454,0
17279,0
51382,0
29871,0
36133,0
26269,1
46758,1
27476,1
471,0
39821,2
1270,0
44093,0
19982,1
57796,2
55236,1
37972,0
3431,1
21810,1
36608,0
38979,0
31680,1
36309,0
40216,0
429,1
7905,0
57918,0
37787,0
14589,1
21801,1
7567,0
18389,1
58323,2
50674,1
26854,1
58732,1
19804,0
34130,0
36106,0
44814,0
54709,0
27523,1
23918,0
25829,1
46143,1
35396,0
11159,0
44096,0
30611,1
9078,1
40832,0
12840,0
13381,1
20812,2
38969,0
57432,1
5597,1
50051,1
42737,1
45119,0
59459,2
3056,0
10318,0
12064,1
3409,1
57029,0
26020,2
30794,0
46227,1
36184,0
4684,0
43716,1
52316,0
58237,0
3953,1
11107,0
15868,0
33639,0
28818,0
45294,0
218,0
5428,0
12441,1
55975,1
40964,0
8645,2
7392,1
12556,0
24478,0
5933,0
58953,0
22612,1
47543,0
44999,0
48658,1
21125,2
1211,0
52733,1
57391,1
14217,1
3785,0
55337,0
57611,0
21901,2
221,1
55637,1
9266,0
58396,2
51944,0
19493,2
5865,1
33623,0
42197,1
33994,1
30699,1
49675,1
29223,1
1985,0
5235,1
14951,1
50798,0
55105,1
34365,0
40024,2
39107,1
52911,1
33717,0
13295,1
24690,0
58738,1
35015,1
17177,0
7247,1
24496,0
11561,1
247,0
36826,1
58003,0
462,1
38550,0
6130,0
27218,2
48502,0
6563,0
29754,0
52641,0
49697,1
31350,1
43516,1
9425,0
54593,1
7403,0
33375,0
11537,2
56624,0
14771,2
44381,0
22394,2
53078,0
39114,0
13206,2
16097,0
31438,0
48750,2
3572,0
32275,0
15447,0
15167,0
4149,1
45575,0
3244,1
35242,0
10998,0
58236,0
42599,1
42138,1
22596,0
24649,0
56424,0
43134,1
8538,0
33390,1
20153,1
30562,2
34491,0
32295,1
48738,2
17945,1
50750,1
52079,1
20003,1
50718,1
17233,0
21662,1
20866,1
44562,0
26073,2
7659,0
56306,0
8440,0
10017,1
37663,1
54864,0
4110,0
10384,1
52053,0
44745,0
8420,0
10201,1
2818,0
10911,2
24448,0
32756,1
19848,2
17273,0
12460,0
21373,1
6653,1
29890,1
43913,0
57336,1
50357,2
10231,0
43023,1
18050,1
33288,0
54744,0
51119,1
6555,1
4330,0
4338,1
16398,1
48024,1
55457,1
48582,1
37545,0
30512,1
45887,1
49380,1
24271,1
52274,0
25153,0
38613,0
2357,0
58083,2
8754,1
25518,1
35102,0
43556,0
18427,1
15201,0
5031,2
15061,0
32630,1
21033,1
38677,0
36368,1
21786,1
28626,2
28287,0
9596,0
55315,1
18422,1
53191,0
36948,1
29080,0
26612,1
27427,0
20111,1
49772,1
54813,0
12327,2
1773,0
39130,0
4981,1
30751,1
39798,1
57299,0
59268,1
40357,1
28840,0
56823,0
3682,0
36304,0
44376,0
8573,2
18356,1
1885,0
34344,1
39753,0
41856,0
58007,2
12623,0
10606,1
15209,0
58013,2
27525,1
41114,0
19893,0
34675,0
20020,0
50876,1
50418,1
26631,1
4740,0
43906,2
24766,0
52340,0
10206,1
3742,1
53261,0
44297,0
9950,1
3795,0
56151,1
48604,1
36500,0
18195,1
38640,0
27372,1
20042,0
11747,0
46457,1
52768,1
2922,0
56303,0
45446,0
20182,2
15950,0
32481,2
15663,1
43921,0
26404,1
49349,1
3861,0
51444,0
19765,1
26343,2
43192,1
48177,1
40242,1
8118,0
37350,1
48856,1
16234,0
9019,1
34808,1
4258,0
23432,1
2476,0
9761,1
31414,0
46100,1
10807,0
40332,0
9434,0
39787,1
9038,1
34383,1
58098,0
4024,1
42409,1
13096,0
45312,0
24295,1
56136,1
35687,0
55857,1
4327,0
57612,0
19573,0
34438,1
6943,1
33295,0
42734,0
5497,1
46756,1
7397,0
7875,1
52309,0
27962,1
53779,0
13140,0
55446,2
57842,2
51016,1
45670,0
28692,1
7056,1
39702,2
37066,1
16630,2
5179,1
15842,2
3712,2
50886,1
41836,0
31908,0
9996,0
47287,1
21204,1
30154,0
21224,2
215,1
55473,1
42421,1
3463,0
53015,0
53672,0
14745,1
27952,1
3437,1
33287,0
5636,1
35021,1
1436,0
46761,1
56833,1
46147,1
7927,1
51611,0
39646,0
4360,0
12543,0
55908,1
58464,1
57573,0
36509,0
37726,1
36668,0
4704,0
48098,1
19465,2
5791,1
52129,1
25817,1
49785,1
24630,0
3887,1
21937,1
9421,1
29910,1
45047,0
19520,2
53175,0
43905,0
37109,1
9693,1
8664,1
48874,0
56746,0
53982,0
28737,1
33939,0
16886,1
51984,0
25445,0
33484,1
36854,1
23807,0
3594,2
37762,1
21499,1
31309,0
12723,2
7065,1
26592,1
58230,0
30951,0
9077,1
56552,1
20062,0
36910,1
17589,0
37729,1
55785,2
22205,0
23665,0
28276,0
56086,0
49019,1
52693,1
27031,1
5104,0
55856,1
3346,1
31573,0
41413,0
18802,2
12137,1
52338,0
40205,0
19264,2
51746,1
35661,0
24928,0
9894,0
51839,1
58531,1
25189,1
16291,2
26249,2
14600,0
156,0
18632,0
40935,0
34121,0
51744,1
23252,0
43497,0
57439,1
33208,0
473,0
53633,0
17018,0
54212,0
45529,0
36635,0
10044,1
53136,1
55871,1
22631,0
36282,1
17917,1
11887,1
58868,0
2582,2
22921,2
44166,0
36707,0
14903,1
39512,0
15912,0
13162,2
22127,1
45655,0
35444,1
42433,1
34395,0
33855,0
51460,0
49540,1
45365,0
35530,0
43483,1
37666,1
46520,1
58271,1
46849,0
38526,0
45124,0
8654,0
48231,0
18917,2
57985,2
58645,0
19444,2
2200,1
39287,0
52955,0
40327,0
19052,2
29432,0
7936,0
36458,0
55615,0
35457,0
46922,1
35507,0
28325,0
38301,1
47846,1
14706,1
56741,1
19833,0
24913,1
18461,0
41650,0
57823,2
28459,0
44811,0
29240,0
9291,2
7765,1
19418,2
13701,0
25302,1
53347,0
36337,0
15521,0
14716,1
29244,0
22064,2
41060,0
2440,0
257,0
33491,0
47445,0
31694,1
10278,1
36166,0
14834,1
14283,0
14665,1
20630,1
18986,2
54004,0
20029,1
43430,0
12940,0
52468,1
52789,1
997,0
20164,1
27446,0
14446,1
30831,0
3748,2
17414,2
45678,0
22347,1
9706,1
6630,0
3332,1
42796,1
30314,1
52070,0
8058,1
50111,1
15626,1
12630,0
45704,0
4422,0
41657,0
1437,0
42207,2
25570,1
12589,0
21623,1
34559,1
53959,1
51509,0
6133,1
5474,1
23423,1
15158,1
20992,1
18063,0
5632,1
28977,1
5897,0
39079,1
10029,0
18402,1
58526,0
57555,2
14268,1
25475,0
32344,0
7416,0
45794,0
11870,1
13873,0
26335,1
26098,2
9104,1
50568,1
6015,0
57956,2
33844,0
25786,1
54584,0
8702,0
49419,1
16265,1
386,0
13343,1
53483,0
38330,1
19960,1
26839,1
54498,0
58715,1
49456,2
43700,1
46945,0
14247,2
8152,1
51558,1
34232,1
12902,0
46767,1
15100,0
17290,0
34853,0
19345,2
51656,0
17625,0
44299,0
31653,0
27298,1
20089,1
17613,0
56705,2
29389,0
33715,0
24873,0
42218,2
147,0
33217,0
13488,0
45511,0
56964,0
23061,2
44790,0
31904,0
8247,1
16564,0
25719,1
11973,1
857,0
39479,2
27232,1
39178,1
2777,1
39986,1
9599,0
2879,2
33222,0
53314,0
31566,0
3426,1
37174,0
36202,0
38292,0
56375,1
59359,1
29872,1
53877,0
2828,0
53607,0
56164,1
33633,1
40660,2
47218,0
28052,0
32402,2
22330,1
6304,1
10534,1
16751,1
50446,1
25495,0
33668,1
50990,1
19518,2
19962,1
31208,0
55267,1
44422,0
28150,0
4065,1
59707,0
49116,1
2825,0
8528,0
39691,1
31327,0
6056,0
29756,1
20741,2
44409,0
50259,1
35700,1
10089,1
50925,1
20941,1
13418,0
8912,1
28760,0
26670,1
5377,1
57730,1
15990,1
18706,2
4612,0
43530,0
26933,1
43932,0
53728,0
19568,2
40934,0
38300,0
26054,2
31056,0
2108,0
33311,0
11276,1
52055,0
42793,1
5775,1
30862,1
44436,0
47601,0
36654,0
36150,0
7822,0
20559,1
7928,0
6150,1
43937,0
24394,0
44485,0
26338,2
23672,0
3157,1
23631,2
39926,2
11796,1
18568,2
18988,0
53056,0
17954,1
58554,0
25789,1
49721,1
17073,1
49467,1
22355,1
30614,1
24058,1
22999,2
54948,0
21252,2
20814,1
37115,1
31273,0
57663,2
47838,0
40580,0
58509,1
27415,1
56267,1
54911,0
12323,1
31560,1
17396,1
56157,1
32862,0
404,0
42400,1
47399,0
4796,1
38901,0
36453,0
11679,1
17759,0
2363,0
50515,1
55744,1
4787,0
42620,1
41862,0
51449,0
38429,0
38602,1
58204,0
30927,1
4880,0
33799,1
28599,0
39393,0
49647,1
26385,2
44044,0
33405,0
27780,1
6539,1
49740,1
26891,2
4399,0
34881,0
34920,0
18322,0
45472,0
46875,1
8793,1
39373,2
55843,1
36667,0
38779,0
3874,0
54990,0
5230,0
39661,1
53643,0
17943,1
59730,1
59680,0
30349,0
56266,0
31008,1
